;;;;;;;;;;;;;x
### African Kingdoms ###;;;;;;;;;;;;;;x
ARO;Aro;Aro;Aro;;Aro;;;;;;;;;;x;;;;;;;;;;;;;;
ARO_ADJ;Aro;Aro;Aro;;;;;;;;;;;;x;;;;;;;;;;;;;;
ARO_conservative;Eze Aro Faction;Faction Eze Aro;Eze Aro Fraktion;;;;;;;;;;;;x;;;;;;;;;;;;;;
ARO_liberal;Reform Faction;Faction de réforme;Verbesserung Fraktion;;;;;;;;;;;;x;;;;;;;;;;;;;;
ARO_reactionary;Empire Faction;Faction d'empire;Reich Fraktion;;;;;;;;;;;;x;;;;;;;;;;;;;;
ARO_anarcho_liberal;Radical Faction;Faction radicale;Die radikale Fraktion;;;;;;;;;;;;x;;;;;;;;;;;;;;
ARO_socialist;Socialist Faction;Faction socialiste;Die sozialistische Fraktion;;;;;;;;;;;;x;;;;;;;;;;;;;;
ARO_communist;Communist Faction;Faction communiste;Die kommunistische Fraktion;;;;;;;;;;;;x;;;;;;;;;;;;;;
ARO_fascist;Fascist Faction;Faction fasciste;Die faschistische Fraktion;;;;;;;;;;;;x;;;;;;;;;;;;;;
ARO_proletarian_dictatorship;Biafra;Biafra;Biafra;;Biafra;;;;;;;;;x;;;;;;;;;;;;;;
ARO_proletarian_dictatorship_ADJ;Biafran;Biafraise;Biafran;;biafreño;;;;;;;;;x
ARO_fascist_dictatorship;Biafra;Biafra;Biafra;;Biafra;;;;;;;;;x;;;;;;;;;;;;;;
ARO_fascist_dictatorship_ADJ;Biafran;Biafraise;Biafran;;biafreño;;;;;;;;;x
ARO_bourgeois_dictatorship;Biafra;Biafra;Biafra;;Biafra;;;;;;;;;x;;;;;;;;;;;;;;
ARO_bourgeois_dictatorship_ADJ;Biafran;Biafraise;Biafran;;biafreño;;;;;;;;;x
ARO_presidential_dictatorship;Biafra;Biafra;Biafra;;Biafra;;;;;;;;;x;;;;;;;;;;;;;;
ARO_presidential_dictatorship_ADJ;Biafran;Biafraise;Biafran;;biafreño;;;;;;;;;x
ARO_democracy;Biafra;Biafra;Biafra;;Biafra;;;;;;;;;x;;;;;;;;;;;;;;
ARO_democracy_ADJ;Biafran;Biafraise;Biafran;;biafreño;;;;;;;;;x
ASH;Ashanti;Ashanti;Aschanti;;Asantia;;;;;;;;;;x;;;;;;;;;;;;;;
ASH_ADJ;Ashanti;Ashanti;Aschanti;;;;;;;;;;;;x;;;;;;;;;;;;;;
ASH_conservative;Royal Faction;Faction royale;Königsfraktion;;;;;;;;;;;;x;;;;;;;;;;;;;;
ASH_liberal;Reform Faction;Faction de réforme;Verbesserung Fraktion;;;;;;;;;;;;x;;;;;;;;;;;;;;
ASH_reactionary;Empire Faction;Faction d'empire;Reich Fraktion;;;;;;;;;;;;x;;;;;;;;;;;;;;
ASH_anarcho_liberal;Radical Faction;Faction radicale;Die radikale Fraktion;;;;;;;;;;;;x;;;;;;;;;;;;;;
ASH_socialist;Socialist Faction;Faction socialiste;Die sozialistische Fraktion;;;;;;;;;;;;x;;;;;;;;;;;;;;
ASH_communist;Communist Faction;Faction communiste;Die kommunistische Fraktion;;;;;;;;;;;;x;;;;;;;;;;;;;;
ASH_fascist;Fascist Faction;Faction fasciste;Die faschistische Fraktion;;;;;;;;;;;;x;;;;;;;;;;;;;;
ASH_proletarian_dictatorship;Ghana;Ghana;Ghana;;Ghana;;;;;;;;;x;;;;;;;;;;;;;;
ASH_proletarian_dictatorship_ADJ;Ghanaian;Ghanaian;Ghanaisch;;Ghanés;;;;;;;;;x
ASH_fascist_dictatorship;Ghana;Ghana;Ghana;;Ghana;;;;;;;;;x;;;;;;;;;;;;;;
ASH_fascist_dictatorship_ADJ;Ghanaian;Ghanaian;Ghanaisch;;Ghanés;;;;;;;;;x
ASH_bourgeois_dictatorship;Ghana;Ghana;Ghana;;Ghana;;;;;;;;;x;;;;;;;;;;;;;;
ASH_bourgeois_dictatorship_ADJ;Ghanaian;Ghanaian;Ghanaisch;;Ghanés;;;;;;;;;x
ASH_presidential_dictatorship;Ghana;Ghana;Ghana;;Ghana;;;;;;;;;x;;;;;;;;;;;;;;
ASH_presidential_dictatorship_ADJ;Ghanaian;Ghanaian;Ghanaisch;;Ghanés;;;;;;;;;x
ASH_democracy;Ghana;Ghana;Ghana;;Ghana;;;;;;;;;x;;;;;;;;;;;;;;
ASH_democracy_ADJ;Ghanaian;Ghanaian;Ghanaisch;;Ghanés;;;;;;;;;x
AZA;Azande;Azande;Azande;;Azande;;;;;;;;;;x;;;;;;;;;;;;;;
AZA_ADJ;Zande;Zande;Zande;;;;;;;;;;;;x;;;;;;;;;;;;;;
AZA_conservative;Royal Faction;Faction royale;Königsfraktion;;;;;;;;;;;;x;;;;;;;;;;;;;;
AZA_liberal;Reform Faction;Faction de réforme;Verbesserung Fraktion;;;;;;;;;;;;x;;;;;;;;;;;;;;
AZA_reactionary;Empire Faction;Faction d'empire;Reich Fraktion;;;;;;;;;;;;x;;;;;;;;;;;;;;
AZA_anarcho_liberal;Radical Faction;Faction radicale;Die radikale Fraktion;;;;;;;;;;;;x;;;;;;;;;;;;;;
AZA_socialist;Socialist Faction;Faction socialiste;Die sozialistische Fraktion;;;;;;;;;;;;x;;;;;;;;;;;;;;
AZA_communist;Communist Faction;Faction communiste;Die kommunistische Fraktion;;;;;;;;;;;;x;;;;;;;;;;;;;;
AZA_fascist;Fascist Faction;Faction fasciste;Die faschistische Fraktion;;;;;;;;;;;;x;;;;;;;;;;;;;;
BEN;Benin;Bénin;Benin;;Benín;;;;;;;;;;x;;;;;;;;;;;;;;
BEN_ADJ;Beninese;Béninois;Benin;;;;;;;;;;;;x;;;;;;;;;;;;;;
BEN_conservative;Oba's Faction;Faction Obo;Oba Fraktion;;;;;;;;;;;;x;;;;;;;;;;;;;;
BEN_liberal;Reform Faction;Faction de réforme;Verbesserung Fraktion;;;;;;;;;;;;x;;;;;;;;;;;;;;
BEN_reactionary;Military Faction;Faction militaire;Militärische Fraktion;;;;;;;;;;;;x;;;;;;;;;;;;;;
BEN_anarcho_liberal;Radical Faction;Faction radicale;Die radikale Fraktion;;;;;;;;;;;;x;;;;;;;;;;;;;;
BEN_socialist;People's Faction;Faction populaire;Volk Fraktion;;;;;;;;;;;;x;;;;;;;;;;;;;;
BEN_communist;Communist Faction;Faction communiste;Die kommunistische Fraktion;;;;;;;;;;;;x;;;;;;;;;;;;;;
BEN_fascist;Fascist Faction;Faction fasciste;Die faschistische Fraktion;;;;;;;;;;;;x;;;;;;;;;;;;;;
BRD;Burundi;Burundi;Burundi;;Burundi;;;;;;;;;;x;;;;;;;;;;;;;;
BRD_ADJ;Burundian;Burundaise;Burundische;;;;;;;;;;;;x;;;;;;;;;;;;;;
BRD_conservative;Mwami Faction;Faction Mwami;Mwami Fraktion;;;;;;;;;;;;x;;;;;;;;;;;;;;
BRD_liberal;Reform Faction;Faction de réforme;Verbesserung Fraktion;;;;;;;;;;;;x;;;;;;;;;;;;;;
BRD_reactionary;Empire Faction;Faction d'empire;Reich Fraktion;;;;;;;;;;;;x;;;;;;;;;;;;;;
BRD_anarcho_liberal;Radical Faction;Faction radicale;Die radikale Fraktion;;;;;;;;;;;;x;;;;;;;;;;;;;;
BRD_socialist;Socialist Faction;Faction socialiste;Die sozialistische Fraktion;;;;;;;;;;;;x;;;;;;;;;;;;;;
BRD_communist;Communist Faction;Faction communiste;Die kommunistische Fraktion;;;;;;;;;;;;x;;;;;;;;;;;;;;
BRD_fascist;Fascist Faction;Faction fasciste;Die faschistische Fraktion;;;;;;;;;;;;x;;;;;;;;;;;;;;
BSH;Áàñîòî;Basotho;Basotho;;Basotho;;;;;;;;;;x;;;;;;;;;;;;;;
BSH_ADJ;Áàñîòîéñ.;Basotho;Basotho;;;;;;;;;;;;x;;;;;;;;;;;;;;
BSH_conservative;Royal Faction;Faction royale;Königsfraktion;;;;;;;;;;;;x;;;;;;;;;;;;;;
BSH_liberal;Reform Faction;Faction de réforme;Verbesserung Fraktion;;;;;;;;;;;;x;;;;;;;;;;;;;;
BSH_reactionary;Empire Faction;Faction d'empire;Reich Fraktion;;;;;;;;;;;;x;;;;;;;;;;;;;;
BSH_anarcho_liberal;Radical Faction;Faction radicale;Die radikale Fraktion;;;;;;;;;;;;x;;;;;;;;;;;;;;
BSH_socialist;Socialist Faction;Faction socialiste;Die sozialistische Fraktion;;;;;;;;;;;;x;;;;;;;;;;;;;;
BSH_communist;Communist Faction;Faction communiste;Die kommunistische Fraktion;;;;;;;;;;;;x;;;;;;;;;;;;;;
BSH_fascist;Fascist Faction;Faction fasciste;Die faschistische Fraktion;;;;;;;;;;;;x;;;;;;;;;;;;;;
BUG;Buganda;Buganda;Buganda;;Buganda;;;;;;;;;;x;;;;;;;;;;;;;;
BUG_ADJ;Bugandan;Bugandaise;Bugandische;;;;;;;;;;;;x;;;;;;;;;;;;;;
BUG_conservative;Royal Faction;Faction royale;Königsfraktion;;;;;;;;;;;;x;;;;;;;;;;;;;;
BUG_liberal;Reform Faction;Faction de réforme;Verbesserung Fraktion;;;;;;;;;;;;x;;;;;;;;;;;;;;
BUG_reactionary;Empire Faction;Faction d'empire;Reich Fraktion;;;;;;;;;;;;x;;;;;;;;;;;;;;
BUG_anarcho_liberal;Radical Faction;Faction radicale;Die radikale Fraktion;;;;;;;;;;;;x;;;;;;;;;;;;;;
BUG_socialist;Socialist Faction;Faction socialiste;Die sozialistische Fraktion;;;;;;;;;;;;x;;;;;;;;;;;;;;
BUG_communist;Communist Faction;Faction communiste;Die kommunistische Fraktion;;;;;;;;;;;;x;;;;;;;;;;;;;;
BUG_fascist;Fascist Faction;Faction fasciste;Die faschistische Fraktion;;;;;;;;;;;;x;;;;;;;;;;;;;;
CLA;Calabar;Calabar;Calabar;;Calabar;;;;;;;;;;x;;;;;;;;;;;;;;
CLA_ADJ;Calabarean;Calabarien;Calabarische;;;;;;;;;;;;x;;;;;;;;;;;;;;
CLA_conservative;Duke Town Faction;Faction de Duke Town;Duke Town Fraktion;;;;;;;;;;;;x;;;;;;;;;;;;;;
CLA_liberal;Creek Town Faction;Faction de Creek Town;Creek Town Fraktion;;;;;;;;;;;;x;;;;;;;;;;;;;;
CLA_reactionary;Empire Faction;Faction d'empire;Reich Fraktion;;;;;;;;;;;;x;;;;;;;;;;;;;;
CLA_anarcho_liberal;Radical Faction;Faction radicale;Die radikale Fraktion;;;;;;;;;;;;x;;;;;;;;;;;;;;
CLA_socialist;Socialist Faction;Faction socialiste;Die sozialistische Fraktion;;;;;;;;;;;;x;;;;;;;;;;;;;;
CLA_communist;Communist Faction;Faction communiste;Die kommunistische Fraktion;;;;;;;;;;;;x;;;;;;;;;;;;;;
CLA_fascist;Fascist Faction;Faction fasciste;Die faschistische Fraktion;;;;;;;;;;;;x;;;;;;;;;;;;;;
DAH;Äàõîìåé;Dahomey;Dahomey;;Dahomey;;;;;;;;;;x;;;;;;;;;;;;;;
DAH_ADJ;Äàõîìåéñê.;Dahoméenne;Dahomische;;;;;;;;;;;;x;;;;;;;;;;;;;;
DAH_conservative;Ahosu Faction;Faction Ahosu;Ahosu Fraktion;;;;;;;;;;;;x;;;;;;;;;;;;;;
DAH_liberal;Liberal Faction;Faction Libéral;Liberale Fraktion;;;;;;;;;;;;x;;;;;;;;;;;;;;
DAH_reactionary;Empire Faction;Faction d'empire;Reich Fraktion;;;;;;;;;;;;x;;;;;;;;;;;;;;
DAH_anarcho_liberal;Radical Faction;Faction radicale;Die radikale Fraktion;;;;;;;;;;;;x;;;;;;;;;;;;;;
DAH_socialist;Socialist Faction;Faction socialiste;Die sozialistische Fraktion;;;;;;;;;;;;x;;;;;;;;;;;;;;
DAH_communist;Communist Faction;Faction communiste;Die kommunistische Fraktion;;;;;;;;;;;;x;;;;;;;;;;;;;;
DAH_fascist;Great Dahomey Faction;Faction Dahomey Grande;Große Dahomey Fraktion;;;;;;;;;;;;x;;;;;;;;;;;;;;
DAM;Äàìàãàðàì;Damagaram;Damagaram;;Damgaram;;;;;;;;;;x;;;;;;;;;;;;;;
DAM_ADJ;Äàìàãàðàìñ.;Damagaram;Damagaram;;;;;;;;;;;;x;;;;;;;;;;;;;;
DAM_conservative;Sultan's Faction;Faction Sultan;Sultan Fraktion;;;;;;;;;;;;x;;;;;;;;;;;;;;
DAM_liberal;Reform Faction;Faction de réforme;Verbesserung Fraktion;;;;;;;;;;;;x;;;;;;;;;;;;;;
DAM_reactionary;Religious Faction;Faction Religieux;Religiöse Fraktion;;;;;;;;;;;;x;;;;;;;;;;;;;;
DAM_anarcho_liberal;Freedom Faction;Faction de liberté;Freiheits Fraktion;;;;;;;;;;;;x;;;;;;;;;;;;;;
DAM_socialist;Justice and Equality Movement;Mouvement pour la justice et l'égalité;Bewegung für Gerechtigkeit und Gleichheit;;;;;;;;;;;;x;;;;;;;;;;;;;;
DAM_communist;Communist Faction;Faction communiste;Die kommunistische Fraktion;;;;;;;;;;;;x;;;;;;;;;;;;;;
DAM_fascist;Fascist Faction;Faction fasciste;Die faschistische Fraktion;;;;;;;;;;;;x;;;;;;;;;;;;;;
DAM_proletarian_dictatorship;Hausa Republic;Haoussa;Haussaland;;;;;;;;;;;x;;;;;;;;;;;;;;
DAM_proletarian_dictatorship_ADJ;Hausa;Haoussa;Hausa;;;;;;;;;;;x
DAM_presidential_dictatorship;Hausaland;Haoussa;Haussaland;;;;;;;;;;;x;;;;;;;;;;;;;;
DAM_presidential_dictatorship_ADJ;Hausa;Haoussa;Hausa;;;;;;;;;;;x
DAM_bourgeois_dictatorship;Hausaland;Haoussa;Haussaland;;;;;;;;;;;x;;;;;;;;;;;;;;
DAM_bourgeois_dictatorship_ADJ;Hausa;Haoussa;Hausa;;;;;;;;;;;x
DAM_fascist_dictatorship;Hausaland;Haoussa;Haussaland;;;;;;;;;;;x;;;;;;;;;;;;;;
DAM_fascist_dictatorship_ADJ;Hausa;Haoussa;Hausa;;;;;;;;;;;x
DAM_democracy;Hausaland;Haoussa;Haussaland;;;;;;;;;;;x;;;;;;;;;;;;;;
DAM_democracy_ADJ;Hausa;Haoussa;Hausa;;;;;;;;;;;x
DAR;Darfur;Darfour;Darfur;;Darfur;;;;;;;;;;x;;;;;;;;;;;;;;
DAR_ADJ;Darfuri;Darfourienne;Darfur;;;;;;;;;;;;x;;;;;;;;;;;;;;
DAR_conservative;Sultan's Faction;Faction sultan;Sultan Fraktion;;;;;;;;;;;;x;;;;;;;;;;;;;;
DAR_liberal;Reform Faction;Faction de réforme;Verbesserung Fraktion;;;;;;;;;;;;x;;;;;;;;;;;;;;
DAR_reactionary;Religious Faction;Faction Religieux;Religiöse Fraktion;;;;;;;;;;;;x;;;;;;;;;;;;;;
DAR_anarcho_liberal;Freedom Faction;Faction de liberté;Freiheits Fraktion;;;;;;;;;;;;x;;;;;;;;;;;;;;
DAR_socialist;Justice and Equality Movement;Mouvement pour la justice et l'égalité;Bewegung für Gerechtigkeit und Gleichheit;;;;;;;;;;;;x;;;;;;;;;;;;;;
DAR_communist;Communist Faction;Faction communiste;Die kommunistische Fraktion;;;;;;;;;;;;x;;;;;;;;;;;;;;
DAR_fascist;Fascist Faction;Faction fasciste;Die faschistische Fraktion;;;;;;;;;;;;x;;;;;;;;;;;;;;
DND;Äåíäè;Dendi;Dendi;;Dendi;;;;;;;;;;x;;;;;;;;;;;;;;
DND_ADJ;Äåíäèéñ.;Dendi;Dendi;;;;;;;;;;;;x;;;;;;;;;;;;;;
DND_conservative;Askiya Faction;Faction Askiya;Askiya Fraktion;;;;;;;;;;;;x;;;;;;;;;;;;;;
DND_liberal;Reform Faction;Faction de réforme;Verbesserung Fraktion;;;;;;;;;;;;x;;;;;;;;;;;;;;
DND_reactionary;Religious Faction;Faction Religieux;Religiöse Fraktion;;;;;;;;;;;;x;;;;;;;;;;;;;;
DND_anarcho_liberal;Freedom Faction;Faction de liberté;Freiheits Fraktion;;;;;;;;;;;;x;;;;;;;;;;;;;;
DND_socialist;Justice and Equality Movement;Mouvement pour la justice et l'égalité;Bewegung für Gerechtigkeit und Gleichheit;;;;;;;;;;;;x;;;;;;;;;;;;;;
DND_communist;Communist Faction;Faction communiste;Die kommunistische Fraktion;;;;;;;;;;;;x;;;;;;;;;;;;;;
DND_fascist;Fascist Faction;Faction fasciste;Die faschistische Fraktion;;;;;;;;;;;;x;;;;;;;;;;;;;;
DND_proletarian_dictatorship;Songhai Republic;Songhay;Songhai;;;;;;;;;;;x;;;;;;;;;;;;;;
DND_proletarian_dictatorship_ADJ;Songhai;Sonrhaïs;Songhai;;;;;;;;;;;x
DND_presidential_dictatorship;Songhai;Songhay;Songhai;;;;;;;;;;;x;;;;;;;;;;;;;;
DND_presidential_dictatorship_ADJ;Songhai;Sonrhaïs;Songhai;;;;;;;;;;;x
DND_bourgeois_dictatorship;Songhai;Songhay;Songhai;;;;;;;;;;;x;;;;;;;;;;;;;;
DND_bourgeois_dictatorship_ADJ;Songhai;Sonrhaïs;Songhai;;;;;;;;;;;x
DND_fascist_dictatorship;Dendi Republic;Dendi;Dendi;;Dendi;;;;;;;;;;x;;;;;;;;;;;;;;
DND_democracy;Songhai;Songhay;Songhai;;;;;;;;;;;x;;;;;;;;;;;;;;
DND_democracy_ADJ;Songhai;Sonrhaïs;Songhai;;;;;;;;;;;x
GBU;Ãàáó;Gabou;Gabu;;Gabu;;;;;;;;;;x;;;;;;;;;;;;;;
GBU_ADJ;Ãàáóàíñ.;Gabuéen;Gabuisch;;;;;;;;;;;;x;;;;;;;;;;;;;;
GBU_conservative;Mansaba Faction;Faction Mansaba;Mansaba Fraktion;;;;;;;;;;;;x;;;;;;;;;;;;;;
GBU_liberal;Reform Faction;Faction de réforme;Verbesserung Fraktion;;;;;;;;;;;;x;;;;;;;;;;;;;;
GBU_reactionary;Empire Faction;Faction d'empire;Reich Fraktion;;;;;;;;;;;;x;;;;;;;;;;;;;;
GBU_anarcho_liberal;Radical Faction;Faction radicale;Die radikale Fraktion;;;;;;;;;;;;x;;;;;;;;;;;;;;
GBU_socialist;Socialist Faction;Faction socialiste;Die sozialistische Fraktion;;;;;;;;;;;;x;;;;;;;;;;;;;;
GBU_communist;Communist Faction;Faction communiste;Die kommunistische Fraktion;;;;;;;;;;;;x;;;;;;;;;;;;;;
GBU_fascist;Fascist Faction;Faction fasciste;Die faschistische Fraktion;;;;;;;;;;;;x;;;;;;;;;;;;;;
GEL;Ãåëåäè;Geledi;Geledi;;Geledi;;;;;;;;;;x;;;;;;;;;;;;;;
GEL_ADJ;Ãåëèäèéñ.;Geledien;Geledisch;;;;;;;;;;;;x;;;;;;;;;;;;;;
GEL_conservative;Sheikal Faction;Faction Sheikal;Scheichsfraktion;;Facción de jeques;;;;;;;;;x;;;;;;;;;;;;;;
GEL_liberal;The Liberal Faction;Faction libérale;Die liberale Fraktion;;La facción liberal;;;;;;;;;x;;;;;;;;;;;;;;
GEL_reactionary;The Nationalist Faction;Faction nationaliste;Die nationalistische Fraktion;;La facción nacionalista;;;;;;;;;x;;;;;;;;;;;;;;
GEL_anarcho_liberal;The Radical Faction;Faction radicale;Die radikale Fraktion;;La facción radical;;;;;;;;;x;;;;;;;;;;;;;;
GEL_socialist;The Socialist Faction;Faction socialiste;Die sozialistische Fraktion;;La facción socialista;;;;;;;;;x;;;;;;;;;;;;;;
GEL_communist;The Communist Faction;Faction communiste;Die kommunistische Fraktion;;La facción comunista;;;;;;;;;x;;;;;;;;;;;;;;
GEL_fascist;The Greater Somalia Faction;La Faction Grande Somalie;Die Größere Somalia Fraktion;;El Gran Somalia Facción;;;;;;;;;x;;;;;;;;;;;;;;
JAL;Ôóóòà-äæàëëîí;Fouta Djalon;Fuuta Jalon;;Fouta Yallon;;;;;;;;;;x;;;;;;;;;;;;;;
JAL_ADJ;Äæàëîíñê.;Djalon;Jalon;;;;;;;;;;;;x;;;;;;;;;;;;;;
JAL_conservative;Almami's Faction;Faction Almami;Almami Fraktion;;;;;;;;;;;;x;;;;;;;;;;;;;;
JAL_liberal;Liberal Faction;Faction libérale;Die liberale Fraktion;;;;;;;;;;;;x;;;;;;;;;;;;;;
JAL_reactionary;The Jihadis;Les djihadistes;Das Jihadis;;;;;;;;;;;;x;;;;;;;;;;;;;;
JAL_anarcho_liberal;Radical Faction;Faction radicale;Die radikale Fraktion;;;;;;;;;;;;x;;;;;;;;;;;;;;
JAL_socialist;Socialist Faction;Faction socialiste;Die sozialistische Fraktion;;;;;;;;;;;;x;;;;;;;;;;;;;;
JAL_communist;Communist Faction;Faction communiste;Die kommunistische Fraktion;;;;;;;;;;;;x;;;;;;;;;;;;;;
JAL_fascist;Fascist Faction;Faction fasciste;Die faschistische Fraktion;;;;;;;;;;;;x;;;;;;;;;;;;;;
KBO;Áîðíó;Kanem-Bornu;Kanem-Bornu;;Kanem-Bornu;;;;;;;;;;x;;;;;;;;;;;;;;
KBO_ADJ;Áîðíóéñê.;Bornu;Bornu;;;;;;;;;;;;x;;;;;;;;;;;;;;
KBO_conservative;Mai Faction;Faction Mai;Mai Fraktion;;;;;;;;;;;;x;;;;;;;;;;;;;;
KBO_liberal;Reform Faction;Faction de réforme;Verbesserung Fraktion;;;;;;;;;;;;x;;;;;;;;;;;;;;
KBO_reactionary;Religious Faction;Religieux Faction;Religiöse Fraktion;;;;;;;;;;;;x;;;;;;;;;;;;;;
KBO_anarcho_liberal;Freedom Faction;Faction de liberté;Freiheits Fraktion;;;;;;;;;;;;x;;;;;;;;;;;;;;
KBO_socialist;People's welfare Faction;Faction du bien-être populaire;Volksbetreuungsamt Fraktion;;;;;;;;;;;;x;;;;;;;;;;;;;;
KBO_communist;Communist Faction;Faction communiste;Die kommunistische Fraktion;;;;;;;;;;;;x;;;;;;;;;;;;;;
KBO_fascist;Greater Kanem-Bornu Faction;Faction du Grand Empire du Kanem-Bornou;Großer Kanem-Bornu ReichFraktion;;;;;;;;;;;;x;;;;;;;;;;;;;;
KNG;Âàòòàðà;Ouattara;Wattara;;Wattara;;;;;;;;;;x;;;;;;;;;;;;;;
KNG_ADJ;Âàòòàðàíñê.;Wattaran;Wattaran;;;;;;;;;;;;x;;;;;;;;;;;;;;
KNG_conservative;Fama's Faction;Faction Fama;Fama Fraktion;;;;;;;;;;;;x;;;;;;;;;;;;;;
KNG_liberal;Liberal Faction;Faction libérale;Die liberale Fraktion;;;;;;;;;;;;x;;;;;;;;;;;;;;
KNG_reactionary;Religious Faction;Religieux Faction;Religiöse Fraktion;;;;;;;;;;;;x;;;;;;;;;;;;;;
KNG_anarcho_liberal;Radical Faction;Faction radicale;Die radikale Fraktion;;;;;;;;;;;;x;;;;;;;;;;;;;;
KNG_socialist;Socialist Faction;Faction socialiste;Die sozialistische Fraktion;;;;;;;;;;;;x;;;;;;;;;;;;;;
KNG_communist;Communist Faction;Faction communiste;Die kommunistische Fraktion;;;;;;;;;;;;x;;;;;;;;;;;;;;
KNG_fascist;Fascist Faction;Faction fasciste;Die faschistische Fraktion;;;;;;;;;;;;x;;;;;;;;;;;;;;
KON;Êîíãî;Kongo;Kongo;;Congo;;;;;;;;;;x;;;;;;;;;;;;;;
KON_ADJ;Êîíãîëåçñ.;Kongolaise;Kongolesische;;;;;;;;;;;;x;;;;;;;;;;;;;;
KON_conservative;MweneKongo Faction;Faction MweneKongo;MweneKongo Fraktion;;;;;;;;;;;;x;;;;;;;;;;;;;;
KON_liberal;Reform Faction;Faction de réforme;Verbesserung Fraktion;;;;;;;;;;;;x;;;;;;;;;;;;;;
KON_reactionary;Religious Faction;Religieux Faction;Religiöse Fraktion;;;;;;;;;;;;x;;;;;;;;;;;;;;
KON_anarcho_liberal;Radical Faction;Faction radicale;Die radikale Fraktion;;;;;;;;;;;;x;;;;;;;;;;;;;;
KON_socialist;Socialist Faction;Faction socialiste;Die sozialistische Fraktion;;;;;;;;;;;;x;;;;;;;;;;;;;;
KON_communist;Communist Faction;Faction communiste;Die kommunistische Fraktion;;;;;;;;;;;;x;;;;;;;;;;;;;;
KON_fascist;Fascist Faction;Faction fasciste;Die faschistische Fraktion;;;;;;;;;;;;x;;;;;;;;;;;;;;
KUB;Êóàáà;Kuba;Kuba;;Kuba;;;;;;;;;;x;;;;;;;;;;;;;;
KUB_ADJ;Êóàáàíñ.;Kuba;Kuba;;;;;;;;;;;;x;;;;;;;;;;;;;;
KUB_conservative;Nyim's Faction;Faction Nyim;Nyim Fraktion;;;;;;;;;;;;x;;;;;;;;;;;;;;
KUB_liberal;Reform Faction;Faction de réforme;Verbesserung Fraktion;;;;;;;;;;;;x;;;;;;;;;;;;;;
KUB_reactionary;Aristocrat's faction;Faction des aristocrates;Aristokraten Fraktion;;;;;;;;;;;;x;;;;;;;;;;;;;;
KUB_anarcho_liberal;Radical Faction;Faction radicale;Die radikale Fraktion;;;;;;;;;;;;x;;;;;;;;;;;;;;
KUB_socialist;Socialist Faction;Faction socialiste;Die sozialistische Fraktion;;;;;;;;;;;;x;;;;;;;;;;;;;;
KUB_communist;Communist Faction;Faction communiste;Die kommunistische Fraktion;;;;;;;;;;;;x;;;;;;;;;;;;;;
KUB_fascist;Fascist Faction;Faction fasciste;Die faschistische Fraktion;;;;;;;;;;;;x;;;;;;;;;;;;;;
KZB;Êàçåìáå;Kazembe;Kazembe;;Cazembe;;;;;;;;;;x;;;;;;;;;;;;;;
KZB_ADJ;Êàçåìáåéñ.;Kazembe;Kazembe;;;;;;;;;;;;x;;;;;;;;;;;;;;
KZB_conservative;Mwata Faction;Faction Mwata;Mwata fraktion;;;;;;;;;;;;x;;;;;;;;;;;;;;
KZB_liberal;Reform Faction;Faction de réforme;Verbesserung Fraktion;;;;;;;;;;;;x;;;;;;;;;;;;;;
KZB_reactionary;Empire Faction;Faction d'empire;Reich Fraktion;;;;;;;;;;;;x;;;;;;;;;;;;;;
KZB_anarcho_liberal;Radical Faction;Faction radicale;Die radikale Fraktion;;;;;;;;;;;;x;;;;;;;;;;;;;;
KZB_socialist;Socialist Faction;Faction socialiste;Die sozialistische Fraktion;;;;;;;;;;;;x;;;;;;;;;;;;;;
KZB_communist;Communist Faction;Faction communiste;Die kommunistische Fraktion;;;;;;;;;;;;x;;;;;;;;;;;;;;
KZB_fascist;Fascist Faction;Faction fasciste;Die faschistische Fraktion;;;;;;;;;;;;x;;;;;;;;;;;;;;
LBA;Ëóáà;Luba;Luba;;Luba;;;;;;;;;;x;;;;;;;;;;;;;;
LBA_ADJ;Ëóáàéñ.;Luba;Luba;;;;;;;;;;;;x;;;;;;;;;;;;;;
LBA_conservative;Royal Faction;Faction royale;Königsfraktion;;;;;;;;;;;;x;;;;;;;;;;;;;;
LBA_liberal;Reform Faction;Faction de réforme;Verbesserung Fraktion;;;;;;;;;;;;x;;;;;;;;;;;;;;
LBA_reactionary;Empire Faction;Faction d'empire;Reich Fraktion;;;;;;;;;;;;x;;;;;;;;;;;;;;
LBA_anarcho_liberal;Radical Faction;Faction radicale;Die radikale Fraktion;;;;;;;;;;;;x;;;;;;;;;;;;;;
LBA_socialist;Socialist Faction;Faction socialiste;Die sozialistische Fraktion;;;;;;;;;;;;x;;;;;;;;;;;;;;
LBA_communist;Communist Faction;Faction communiste;Die kommunistische Fraktion;;;;;;;;;;;;x;;;;;;;;;;;;;;
LBA_fascist;Fascist Faction;Faction fasciste;Die faschistische Fraktion;;;;;;;;;;;;x;;;;;;;;;;;;;;
LOA;Ëîàíãî;Loango;Loango;;Loango;;;;;;;;;;x;;;;;;;;;;;;;;
LOA_ADJ;Ëîàíãîëåç.;Loangoaise;Loangoische;;;;;;;;;;;;x;;;;;;;;;;;;;;
LOA_conservative;Ma Lwããgu's Faction;Faction Ma Lwããgu;Ma Lwããgu Fraktion;;;;;;;;;;;;x;;;;;;;;;;;;;;
LOA_liberal;Reform Faction;Faction de réforme;Verbesserung Fraktion;;;;;;;;;;;;x;;;;;;;;;;;;;;
LOA_reactionary;Traditions Faction;Faction des traditions;Traditionen Fraktion;;;;;;;;;;;;x;;;;;;;;;;;;;;
LOA_anarcho_liberal;Radical Faction;Faction radicale;Die radikale Fraktion;;;;;;;;;;;;x;;;;;;;;;;;;;;
LOA_socialist;Socialist Faction;Faction socialiste;Die sozialistische Fraktion;;;;;;;;;;;;x;;;;;;;;;;;;;;
LOA_communist;Communist Faction;Faction communiste;Die kommunistische Fraktion;;;;;;;;;;;;x;;;;;;;;;;;;;;
LOA_fascist;Fascist Faction;Faction fasciste;Die faschistische Fraktion;;;;;;;;;;;;x;;;;;;;;;;;;;;
LUN;Ëóíäà;Lunda;Lunda;;Lunda;;;;;;;;;;x;;;;;;;;;;;;;;
LUN_ADJ;Ëóíäàéñ.;Lundas;Lunda;;;;;;;;;;;;x;;;;;;;;;;;;;;
LUN_conservative;Royal Faction;Faction royale;Königsfraktion;;;;;;;;;;;;x;;;;;;;;;;;;;;
LUN_liberal;Reform Faction;Faction de réforme;Verbesserung Fraktion;;;;;;;;;;;;x;;;;;;;;;;;;;;
LUN_reactionary;Empire Faction;Faction d'empire;Reich Fraktion;;;;;;;;;;;;x;;;;;;;;;;;;;;
LUN_anarcho_liberal;Radical Faction;Faction radicale;Die radikale Fraktion;;;;;;;;;;;;x;;;;;;;;;;;;;;
LUN_socialist;Socialist Faction;Faction socialiste;Die sozialistische Fraktion;;;;;;;;;;;;x;;;;;;;;;;;;;;
LUN_communist;Communist Faction;Faction communiste;Die kommunistische Fraktion;;;;;;;;;;;;x;;;;;;;;;;;;;;
LUN_fascist;Fascist Faction;Faction fasciste;Die faschistische Fraktion;;;;;;;;;;;;x;;;;;;;;;;;;;;
MAJ;Ìàäæåéðòèí;Majeerteen;Majeerteen;;Majeerteen;;;;;;;;;;x;;;;;;;;;;;;;;
MAJ_ADJ;Ìàäæåéðòèíñê.;Majeerteenien;Majeerteenisch;;;;;;;;;;;;x;;;;;;;;;;;;;;
MAJ_conservative;Sheikal Faction;Faction Sheikal;Scheichsfraktion;;Facción de jeques;;;;;;;;;x;;;;;;;;;;;;;;
MAJ_liberal;The Liberal Faction;Faction libérale;Die liberale Fraktion;;La facción liberal;;;;;;;;;x;;;;;;;;;;;;;;
MAJ_reactionary;The Nationalist Faction;Faction nationaliste;Die nationalistische Fraktion;;La facción nacionalista;;;;;;;;;x;;;;;;;;;;;;;;
MAJ_anarcho_liberal;The Radical Faction;Faction radicale;Die radikale Fraktion;;La facción radical;;;;;;;;;x;;;;;;;;;;;;;;
MAJ_socialist;The Socialist Faction;Faction socialiste;Die sozialistische Fraktion;;La facción socialista;;;;;;;;;x;;;;;;;;;;;;;;
MAJ_communist;The Communist Faction;Faction communiste;Die kommunistische Fraktion;;La facción comunista;;;;;;;;;x;;;;;;;;;;;;;;
MAJ_fascist;The Islamic Faction;La faction islamique;Die islamische Fraktion;;La facción islámica;;;;;;;;;x;;;;;;;;;;;;;;
MAS;Ìàñèíà;Macina;Massina;;Massina;;;;;;;;;;x;;;;;;;;;;;;;;
MAS_ADJ;Ìàññèíñê.;Massinan;Massinan;;;;;;;;;;;;x;;;;;;;;;;;;;;
MAS_conservative;Royal Faction;Faction royale;Königsfraktion;;;;;;;;;;;;x;;;;;;;;;;;;;;
MAS_liberal;Liberal Faction;Faction libérale;Die liberale Fraktion;;;;;;;;;;;;x;;;;;;;;;;;;;;
MAS_reactionary;The Jihadis;Les djihadistes;Das Jihadis;;;;;;;;;;;;x;;;;;;;;;;;;;;
MAS_anarcho_liberal;Radical Faction;Faction radicale;Die radikale Fraktion;;;;;;;;;;;;x;;;;;;;;;;;;;;
MAS_socialist;Socialist Faction;Faction socialiste;Die sozialistische Fraktion;;;;;;;;;;;;x;;;;;;;;;;;;;;
MAS_communist;Communist Faction;Faction communiste;Die kommunistische Fraktion;;;;;;;;;;;;x;;;;;;;;;;;;;;
MAS_fascist;Fascist Faction;Faction fasciste;Die faschistische Fraktion;;;;;;;;;;;;x;;;;;;;;;;;;;;
MAT;Ìàòàáåëå;Matabele;Matabele;;Matabele;;;;;;;;;;x;;;;;;;;;;;;;;
MAT_ADJ;Ìàòàáåëåéñ.;Matabele;Matabele;;;;;;;;;;;;x;;;;;;;;;;;;;;
MAT_conservative;Royal Faction;Faction royale;Königsfraktion;;;;;;;;;;;;x;;;;;;;;;;;;;;
MAT_liberal;Reform Faction;Faction de réforme;Verbesserung Fraktion;;;;;;;;;;;;x;;;;;;;;;;;;;;
MAT_reactionary;Empire Faction;Faction d'empire;Reich Fraktion;;;;;;;;;;;;x;;;;;;;;;;;;;;
MAT_anarcho_liberal;Radical Faction;Faction radicale;Die radikale Fraktion;;;;;;;;;;;;x;;;;;;;;;;;;;;
MAT_socialist;Socialist Faction;Faction socialiste;Die sozialistische Fraktion;;;;;;;;;;;;x;;;;;;;;;;;;;;
MAT_communist;Communist Faction;Faction communiste;Die kommunistische Fraktion;;;;;;;;;;;;x;;;;;;;;;;;;;;
MAT_fascist;Fascist Faction;Faction fasciste;Die faschistische Fraktion;;;;;;;;;;;;x;;;;;;;;;;;;;;
MNG;Mongo;Mongo;Mongo;;Mongo;;;;;;;;;;x;;;;;;;;;;;;;;
MNG_ADJ;Mongo;Mongo;Mongo;;;;;;;;;;;;x;;;;;;;;;;;;;;
MNG_conservative;Royal Faction;Faction royale;Königsfraktion;;;;;;;;;;;;x;;;;;;;;;;;;;;
MNG_liberal;Reform Faction;Faction de réforme;Verbesserung Fraktion;;;;;;;;;;;;x;;;;;;;;;;;;;;
MNG_reactionary;Empire Faction;Faction d'empire;Reich Fraktion;;;;;;;;;;;;x;;;;;;;;;;;;;;
MNG_anarcho_liberal;Radical Faction;Faction radicale;Die radikale Fraktion;;;;;;;;;;;;x;;;;;;;;;;;;;;
MNG_socialist;Socialist Faction;Faction socialiste;Die sozialistische Fraktion;;;;;;;;;;;;x;;;;;;;;;;;;;;
MNG_communist;Communist Faction;Faction communiste;Die kommunistische Fraktion;;;;;;;;;;;;x;;;;;;;;;;;;;;
MNG_fascist;Fascist Faction;Faction fasciste;Die faschistische Fraktion;;;;;;;;;;;;x;;;;;;;;;;;;;;
MOS;Ìîññè;Mossi;Mossi;;Mossi;;;;;;;;;;x;;;;;;;;;;;;;;
MOS_ADJ;Ìîññèéñ.;Mossis;Mossi;;;;;;;;;;;;x;;;;;;;;;;;;;;
MOS_conservative;Mogho Naba Faction;Faction Mogho Naba;Mogho Naba Fraktion;;;;;;;;;;;;x;;;;;;;;;;;;;;
MOS_liberal;Reform Faction;Faction de réforme;Verbesserung Fraktion;;;;;;;;;;;;x;;;;;;;;;;;;;;
MOS_reactionary;Traditional Faction;Faction traditionnelle;Traditionelle Fraktion;;;;;;;;;;;;x;;;;;;;;;;;;;;
MOS_anarcho_liberal;Freedom Faction;Faction de liberté;Freiheits Fraktion;;;;;;;;;;;;x;;;;;;;;;;;;;;
MOS_socialist;Socialist Faction;Faction socialiste;Die sozialistische Fraktion;;;;;;;;;;;;x;;;;;;;;;;;;;;
MOS_communist;Communist Faction;Faction communiste;Die kommunistische Fraktion;;;;;;;;;;;;x;;;;;;;;;;;;;;
MOS_fascist;Empire Faction;Faction d'empire;Reich Fraktion;;;;;;;;;;;;x;;;;;;;;;;;;;;
MOS_proletarian_dictatorship;Burkina Faso;Mossi;Mossi;;Mossi;;;;;;;;;;x;;;;;;;;;;;;;;
MOS_proletarian_dictatorship_ADJ;Burkinabe;Mossi;Mossi;;Mossi;;;;;;;;;;x;;;;;;;;;;;;;;
MOS_fascist_dictatorship;Burkina Faso;Mossi;Mossi;;Mossi;;;;;;;;;;x;;;;;;;;;;;;;;
MOS_fascist_dictatorship_ADJ;Burkinabe;Mossi;Mossi;;Mossi;;;;;;;;;;x;;;;;;;;;;;;;;
MOS_presidential_dictatorship;Burkina Faso;Mossi;Mossi;;Mossi;;;;;;;;;;x;;;;;;;;;;;;;;
MOS_presidential_dictatorship_ADJ;Burkinabe;Mossi;Mossi;;Mossi;;;;;;;;;;x;;;;;;;;;;;;;;
MOS_bourgeois_dictatorship;Burkina Faso;Mossi;Mossi;;Mossi;;;;;;;;;;x;;;;;;;;;;;;;;
MOS_bourgeois_dictatorship_ADJ;Burkinabe;Mossi;Mossi;;Mossi;;;;;;;;;;x;;;;;;;;;;;;;;
MOS_democracy;Burkina Faso;Mossi;Mossi;;Mossi;;;;;;;;;;x;;;;;;;;;;;;;;
MOS_democracy_ADJ;Burkinabe;Mossi;Mossi;;Mossi;;;;;;;;;;x;;;;;;;;;;;;;;
OYO;Îéî;Oyo;Oyo;;Oyo;;;;;;;;;;x;;;;;;;;;;;;;;
OYO_ADJ;Îéîñê.;Oyo;Oyo;;;;;;;;;;;;x;;;;;;;;;;;;;;
OYO_conservative;Alaafin's Faction;Faction Alaafin;Alaafin Fraktion;;;;;;;;;;;;x;;;;;;;;;;;;;;
OYO_liberal;Reform Faction;Faction de réforme;Verbesserung Fraktion;;;;;;;;;;;;x;;;;;;;;;;;;;;
OYO_reactionary;Military Faction;Faction militaire;Militärische Fraktion;;;;;;;;;;;;x;;;;;;;;;;;;;;
OYO_anarcho_liberal;Radical Faction;Faction radicale;Die radikale Fraktion;;;;;;;;;;;;x;;;;;;;;;;;;;;
OYO_socialist;People's Faction;Faction populaire;Volk Fraktion;;;;;;;;;;;;x;;;;;;;;;;;;;;
OYO_communist;Communist Faction;Faction communiste;Die kommunistische Fraktion;;;;;;;;;;;;x;;;;;;;;;;;;;;
OYO_fascist;Fascist Faction;Faction fasciste;Die faschistische Fraktion;;;;;;;;;;;;x;;;;;;;;;;;;;;
RWA;Rwanda;Ruanda;Ruanda;;Ruanda;;;;;;;;;;x;;;;;;;;;;;;;;
RWA_ADJ;Rwandan;Ruandaise;Ruandische;;;;;;;;;;;;x;;;;;;;;;;;;;;
RWA_conservative;Royal Faction;Faction royale;Königsfraktion;;;;;;;;;;;;x;;;;;;;;;;;;;;
RWA_liberal;Reform Faction;Faction de réforme;Verbesserung Fraktion;;;;;;;;;;;;x;;;;;;;;;;;;;;
RWA_reactionary;Traditional Faction;Faction traditionnelle;Traditionelle Fraktion;;;;;;;;;;;;x;;;;;;;;;;;;;;
RWA_anarcho_liberal;Freedom Faction;Faction de liberté;Freiheits Fraktion;;;;;;;;;;;;x;;;;;;;;;;;;;;
RWA_socialist;Socialist Faction;Faction socialiste;Die sozialistische Fraktion;;;;;;;;;;;;x;;;;;;;;;;;;;;
RWA_communist;Communist Faction;Faction communiste;Die kommunistische Fraktion;;;;;;;;;;;;x;;;;;;;;;;;;;;
RWA_fascist;Fascist Faction;Faction fasciste;Die faschistische Fraktion;;;;;;;;;;;;x;;;;;;;;;;;;;;
SEG;Áàìàíà;Ségou;Segu;;Segu;;;;;;;;;;x;;;;;;;;;;;;;;
SEG_ADJ;Áàìáàðàíñ.;Bambaras;Bambara;;;;;;;;;;;;x;;;;;;;;;;;;;;
SEG_conservative;Royal Faction;Faction royale;Königsfraktion;;;;;;;;;;;;x;;;;;;;;;;;;;;
SEG_liberal;Reform Faction;Faction de réforme;Verbesserung Fraktion;;;;;;;;;;;;x;;;;;;;;;;;;;;
SEG_reactionary;Traditional Faction;Faction traditionnelle;Traditionelle Fraktion;;;;;;;;;;;;x;;;;;;;;;;;;;;
SEG_anarcho_liberal;Freedom Faction;Faction de liberté;Freiheits Fraktion;;;;;;;;;;;;x;;;;;;;;;;;;;;
SEG_socialist;Socialist Faction;Faction socialiste;Die sozialistische Fraktion;;;;;;;;;;;;x;;;;;;;;;;;;;;
SEG_communist;Communist Faction;Faction communiste;Die kommunistische Fraktion;;;;;;;;;;;;x;;;;;;;;;;;;;;
SEG_fascist;New Empire Faction;Faction pour le nouvel empire;Neue Reich Fraktion;;;;;;;;;;;;x;;;;;;;;;;;;;;
SHO;Shona;Shona;Shona;;Shona;;;;;;;;;;x;;;;;;;;;;;;;;
SHO_ADJ;Shona;Shona;Shona;;;;;;;;;;;;x;;;;;;;;;;;;;;
SHO_conservative;Royal Faction;Faction royale;Königsfraktion;;;;;;;;;;;;x;;;;;;;;;;;;;;
SHO_liberal;Reform Faction;Faction de réforme;Verbesserung Fraktion;;;;;;;;;;;;x;;;;;;;;;;;;;;
SHO_reactionary;Empire Faction;Faction d'empire;Reich Fraktion;;;;;;;;;;;;x;;;;;;;;;;;;;;
SHO_anarcho_liberal;Radical Faction;Faction radicale;Die radikale Fraktion;;;;;;;;;;;;x;;;;;;;;;;;;;;
SHO_socialist;Socialist Faction;Faction socialiste;Die sozialistische Fraktion;;;;;;;;;;;;x;;;;;;;;;;;;;;
SHO_communist;Communist Faction;Faction communiste;Die kommunistische Fraktion;;;;;;;;;;;;x;;;;;;;;;;;;;;
SHO_fascist;Fascist Faction;Faction fasciste;Die faschistische Fraktion;;;;;;;;;;;;x;;;;;;;;;;;;;;
SHW;Shewa;Shewa;Shewa;;Shewa;;;;;;;;;;x;;;;;;;;;;;;;;
SHW_ADJ;Shewan;Shewaien;Shewaisch;;Shewa;;;;;;;;;x;;;;;;;;;;;;;;
SHW_conservative;Negus's Faction;Faction Negus;Negus Fraktion;;Facción Negus;;;;;;;;;x;;;;;;;;;;;;;;
SHW_liberal;The Liberal Faction;Faction libérale;Die liberale Fraktion;;La facción liberal;;;;;;;;;x;;;;;;;;;;;;;;
SHW_reactionary;The Church Faction;La Faction Eglise;Die Kirche Fraktion;;La Facción Iglesia;;;;;;;;;x;;;;;;;;;;;;;;
SHW_anarcho_liberal;The Radical Faction;Faction radicale;Die radikale Fraktion;;La facción radical;;;;;;;;;x;;;;;;;;;;;;;;
SHW_socialist;The Socialist Faction;Faction socialiste;Die sozialistische Fraktion;;La facción socialista;;;;;;;;;x;;;;;;;;;;;;;;
SHW_communist;The Communist Faction;Faction communiste;Die kommunistische Fraktion;;La facción comunista;;;;;;;;;x;;;;;;;;;;;;;;
SHW_fascist;The Fascist Faction;Faction fasciste;Die faschistische Fraktion;;La facción fascista;;;;;;;;;x;;;;;;;;;;;;;;
SOM;Somaliland;Somalia;Somalia;;Somalia;;;;;;;;;;x;;;;;;;;;;;;;;
SOM_ADJ;Somali;Somali;Somalisch;;;;;;;;;;;;x;;;;;;;;;;;;;;
SUA;Suazi;Suazi;Suazi;;Suazi;;;;;;;;;;x;;;;;;;;;;;;;;
SUA_ADJ;Suazi;Suazi;Suazi;;;;;;;;;;;;x;;;;;;;;;;;;;;
SUA_conservative;Royal Faction;Faction royale;Königsfraktion;;;;;;;;;;;;x;;;;;;;;;;;;;;
SUA_liberal;Reform Faction;Faction de réforme;Verbesserung Fraktion;;;;;;;;;;;;x;;;;;;;;;;;;;;
SUA_reactionary;Traditional Faction;Faction traditionnelle;Traditionelle Fraktion;;;;;;;;;;;;x;;;;;;;;;;;;;;
SUA_anarcho_liberal;Freedom Faction;Faction de liberté;Freiheits Fraktion;;;;;;;;;;;;x;;;;;;;;;;;;;;
SUA_socialist;Socialist Faction;Faction socialiste;Die sozialistische Fraktion;;;;;;;;;;;;x;;;;;;;;;;;;;;
SUA_communist;Communist Faction;Faction communiste;Die kommunistische Fraktion;;;;;;;;;;;;x;;;;;;;;;;;;;;
SUA_fascist;Fascist Faction;Faction fasciste;Die faschistische Fraktion;;;;;;;;;;;;x;;;;;;;;;;;;;;
SUA_democracy;Swaziland;;;;;;;;;;;;;;x
SUA_fascist_dictatorship;Swatini;;;;;;;;;;;;;;x
SUA_fascist_dictatorship_ADJ;Siswati;;;;;;;;;;;;;;x
SUA_proletarian_dictatorship;Swaziland;;;;;;;;;;;;;;x
SUA_presidential_dictatorship;Swaziland;;;;;;;;;;;;;;x
SUA_bourgeois_dictatorship;Swaziland;;;;;;;;;;;;;;x
TOO;Ôîóòà-òîîðî;Fouta Toro;Fuua Toro;;Fouta Toro;;;;;;;;;;x;;;;;;;;;;;;;;
TOO_ADJ;Òîîðîñ.;Toro;Toro;;;;;;;;;;;;x;;;;;;;;;;;;;;
TOO_conservative;Almaami Faction;Faction Almaami;Almaami Fraktion;;;;;;;;;;;;x;;;;;;;;;;;;;;
TOO_liberal;Reform Faction;Faction de réforme;Verbesserung Fraktion;;;;;;;;;;;;x;;;;;;;;;;;;;;
TOO_reactionary;Religious Faction;Faction Religieux;Religiöse Fraktion;;;;;;;;;;;;x;;;;;;;;;;;;;;
TOO_anarcho_liberal;Freedom Faction;Faction de liberté;Freiheits Fraktion;;;;;;;;;;;;x;;;;;;;;;;;;;;
TOO_socialist;Socialist Faction;Faction socialiste;Die sozialistische Fraktion;;;;;;;;;;;;x;;;;;;;;;;;;;;
TOO_communist;Communist Faction;Faction communiste;Die kommunistische Fraktion;;;;;;;;;;;;x;;;;;;;;;;;;;;
TOO_fascist;Empire Faction;Faction d'empire;Reich Fraktion;;;;;;;;;;;;x;;;;;;;;;;;;;;
TSW;Botswana;Botswana;Botswana;;Botswana;;;;;;;;;;x;;;;;;;;;;;;;;
TSW_ADJ;Tswana;Tswana;Tswana;;;;;;;;;;;;x;;;;;;;;;;;;;;
TSW_conservative;Royal Faction;Faction royale;Königsfraktion;;;;;;;;;;;;x;;;;;;;;;;;;;;
TSW_liberal;Reform Faction;Faction de réforme;Verbesserung Fraktion;;;;;;;;;;;;x;;;;;;;;;;;;;;
TSW_reactionary;Empire Faction;Faction d'empire;Reich Fraktion;;;;;;;;;;;;x;;;;;;;;;;;;;;
TSW_anarcho_liberal;Radical Faction;Faction radicale;Die radikale Fraktion;;;;;;;;;;;;x;;;;;;;;;;;;;;
TSW_socialist;Socialist Faction;Faction socialiste;Die sozialistische Fraktion;;;;;;;;;;;;x;;;;;;;;;;;;;;
TSW_communist;Communist Faction;Faction communiste;Die kommunistische Fraktion;;;;;;;;;;;;x;;;;;;;;;;;;;;
TSW_fascist;Fascist Faction;Faction fasciste;Die faschistische Fraktion;;;;;;;;;;;;x;;;;;;;;;;;;;;
WAD;Wadai;Ouaddaï;Wadai;;Ouaddai;;;;;;;;;;x;;;;;;;;;;;;;;
WAD_ADJ;Wadai;Wadai;Wadai;;;;;;;;;;;;x;;;;;;;;;;;;;;
WAD_conservative;Kolak's Faction;Faction Kolak;Kolak Fraktion;;;;;;;;;;;;x;;;;;;;;;;;;;;
WAD_liberal;Reform Faction;Faction de réforme;Verbesserung Fraktion;;;;;;;;;;;;x;;;;;;;;;;;;;;
WAD_reactionary;Religious Faction;Faction Religieux;Religiöse Fraktion;;;;;;;;;;;;x;;;;;;;;;;;;;;
WAD_anarcho_liberal;Freedom Faction;Faction de liberté;Freiheits Fraktion;;;;;;;;;;;;x;;;;;;;;;;;;;;
WAD_socialist;Socialist Faction;Faction socialiste;Die sozialistische Fraktion;;;;;;;;;;;;x;;;;;;;;;;;;;;
WAD_communist;Communist Faction;Faction communiste;Die kommunistische Fraktion;;;;;;;;;;;;x;;;;;;;;;;;;;;
WAD_fascist;Fascist Faction;Faction fasciste;Die faschistische Fraktion;;;;;;;;;;;;x;;;;;;;;;;;;;;
WRI;Âàððè;Warri;Warri;;Warri;;;;;;;;;;x;;;;;;;;;;;;;;
WRI_ADJ;Âàððèéñê.;Warri;Warri;;;;;;;;;;;;x;;;;;;;;;;;;;;
WRI_conservative;Olu's Faction;Faction Olu;Olu Fraktion;;;;;;;;;;;;x;;;;;;;;;;;;;;
WRI_liberal;Reform Faction;Faction de réforme;Verbesserung Fraktion;;;;;;;;;;;;x;;;;;;;;;;;;;;
WRI_reactionary;Military Faction;Faction militaire;Militärische Fraktion;;;;;;;;;;;;x;;;;;;;;;;;;;;
WRI_anarcho_liberal;Radical Faction;Faction radicale;Die radikale Fraktion;;;;;;;;;;;;x;;;;;;;;;;;;;;
WRI_socialist;People's Faction;Faction populaire;Volk Fraktion;;;;;;;;;;;;x;;;;;;;;;;;;;;
WRI_communist;Communist Faction;Faction communiste;Die kommunistische Fraktion;;;;;;;;;;;;x;;;;;;;;;;;;;;
WRI_fascist;Fascist Faction;Faction fasciste;Die faschistische Fraktion;;;;;;;;;;;;x;;;;;;;;;;;;;;
WOL;Âîëîô;Djolof;Jolof;;wólof;;;;;;;;;;x;;;;;;;;;;;;;;
WOL_ADJ;Âîëîôñ.;Djolof;Jolof;;;;;;;;;;;;x;;;;;;;;;;;;;;
WOL_conservative;Buur-ba's Faction;Faction Buur-ba;Buur-ba Fraktion;;;;;;;;;;;;x;;;;;;;;;;;;;;
WOL_liberal;Reform Faction;Faction de réforme;Verbesserung Fraktion;;;;;;;;;;;;x;;;;;;;;;;;;;;
WOL_reactionary;Religious Faction;Faction Religieux;Religiöse Fraktion;;;;;;;;;;;;x;;;;;;;;;;;;;;
WOL_anarcho_liberal;Freedom Faction;Faction de liberté;Freiheits Fraktion;;;;;;;;;;;;x;;;;;;;;;;;;;;
WOL_socialist;Socialist Faction;Faction socialiste;Die sozialistische Fraktion;;;;;;;;;;;;x;;;;;;;;;;;;;;
WOL_communist;Communist Faction;Faction communiste;Die kommunistische Fraktion;;;;;;;;;;;;x;;;;;;;;;;;;;;
WOL_fascist;Fascist Faction;Faction fasciste;Die faschistische Fraktion;;;;;;;;;;;;x;;;;;;;;;;;;;;
XHO;Êñõîñà;Xhosa;Xhosa;;Kosoj;;;;;;;;;;x;;;;;;;;;;;;;;
XHO_ADJ;Êñõîñèéñ.;Xhosa;Xhosa;;;;;;;;;;;;x;;;;;;;;;;;;;;
XHO_conservative;Conservative Faction;Faction conservateur;Konservative Fraktion;;;;;;;;;;;;x;;;;;;;;;;;;;;
XHO_liberal;Liberal Faction;Faction libéral;Liberale Fraktion;;;;;;;;;;;;x;;;;;;;;;;;;;;
XHO_reactionary;Traditional Faction;Faction traditionnelle;Traditionelle Fraktion;;;;;;;;;;;;x;;;;;;;;;;;;;;
XHO_anarcho_liberal;Radical Faction;Faction radicale;Die radikale Fraktion;;;;;;;;;;;;x;;;;;;;;;;;;;;
XHO_socialist;Socialist Faction;Faction socialiste;Die sozialistische Fraktion;;;;;;;;;;;;x;;;;;;;;;;;;;;
XHO_communist;Communist Faction;Faction communiste;Die kommunistische Fraktion;;;;;;;;;;;;x;;;;;;;;;;;;;;
XHO_fascist;Fascist Faction;Faction fasciste;Die faschistische Fraktion;;;;;;;;;;;;x;;;;;;;;;;;;;;
XHO_democracy;Xhosaland;;;;;;;;;;;;;;x
AGC;Àíãî÷å;;;;;;;;;;;;x
AGC_ADJ;Àíãî÷åíñ.;;;;;;;;;;;;x
AGC_conservative;Sultan's Faction;;;;;;;;;;;;x
AGC_liberal;Reform Faction;;;;;;;;;;;;x
AGC_reactionary;Islamic faction;;;;;;;;;;;;x
AGC_anarcho_liberal;Radical Faction;;;;;;;;;;;;x
AGC_socialist;Socialist Party;;;;;;;;;;;;x
AGC_communist;Communist Party;;;;;;;;;;;;x
AGC_fascist;Fascist Faction;;;;;;;;;;;;x
GAZ;Ãàçà;;;;;;;;;;;;x
GAZ_ADJ;Íãóíèéñê.;;;;;;;;;;;;x
GAZ_conservative;King's Faction;;;;;;;;;;;;x
GAZ_liberal;Reform Faction;;;;;;;;;;;;x
GAZ_reactionary;Traditionalist faction;;;;;;;;;;;;x
GAZ_anarcho_liberal;Freedom Faction;;;;;;;;;;;;x
GAZ_socialist;People's Front;;;;;;;;;;;;x
GAZ_communist;Communist Party;;;;;;;;;;;;x
GAZ_fascist;Fascist Faction;;;;;;;;;;;;x
TRZ;Òðàðçà;;;;;;;;;;;;x
TRZ_ADJ;Òðàðçàí.;;;;;;;;;;;;x
TRZ_conservative;Emir's Faction;;;;;;;;;;;;x
TRZ_liberal;Reform Faction;;;;;;;;;;;;x
TRZ_reactionary;Islamic faction;;;;;;;;;;;;x
TRZ_anarcho_liberal;Radical Faction;;;;;;;;;;;;x
TRZ_socialist;Socialist Party;;;;;;;;;;;;x
TRZ_communist;Communist Party;;;;;;;;;;;;x
TRZ_fascist;Fascist Faction;;;;;;;;;;;;x
TRZ_proletarian_dictatorship;Mauritania;Mauritanie;Mauretanien;;;;;;;;;;;x;;;;;;;;;;;;;;
TRZ_proletarian_dictatorship_ADJ;Mauritanian;Mauritanien;Mauretanische;;;;;;;;;;;x
TRZ_presidential_dictatorship;Mauritania;Mauritanie;Mauretanien;;;;;;;;;;;x;;;;;;;;;;;;;;
TRZ_presidential_dictatorship_ADJ;Mauritanian;Mauritanien;Mauretanische;;;;;;;;;;;x
TRZ_bourgeois_dictatorship;Mauritania;Mauritanie;Mauretanien;;;;;;;;;;;x;;;;;;;;;;;;;;
TRZ_bourgeois_dictatorship_ADJ;Mauritanian;Mauritanien;Mauretanische;;;;;;;;;;;x
TRZ_fascist_dictatorship;Mauritania;Mauritanie;Mauretanien;;;;;;;;;;;x;;;;;;;;;;;;;;
TRZ_fascist_dictatorship_ADJ;Mauritanian;Mauritanien;Mauretanische;;;;;;;;;;;x
TRZ_democracy;Mauritania;Mauritanie;Mauretanien;;;;;;;;;;;x;;;;;;;;;;;;;;
TRZ_democracy_ADJ;Mauritanian;Mauritanien;Mauretanische;;;;;;;;;;;x
AWS;Àôñà;Awsa;Awsa;;Awsa;;;;;;;;;;x;;;;;;;;;;;;;;
AWS_ADJ;Afar;Afar;Afar;;;;;;;;;;;;x;;;;;;;;;;;;;;
AWS_conservative;Sultan's Faction;Faction Sultan;Sultan Fraktion;;;;;;;;;;;;x;;;;;;;;;;;;;;
AWS_liberal;Reformers Faction;Faction réformateurs;Reformatoren Fraktion;;;;;;;;;;;;x;;;;;;;;;;;;;;
AWS_reactionary;Military Faction;Faction militaire;Militärische Fraktion;;;;;;;;;;;;x;;;;;;;;;;;;;;
AWS_anarcho_liberal;Radical Faction;Faction radicale;Die radikale Fraktion;;;;;;;;;;;;x;;;;;;;;;;;;;;
AWS_socialist;Afar People's Party;Afar Parti populaire;Afar Volkspartei;;;;;;;;;;;;x;;;;;;;;;;;;;;
AWS_communist;Afar Communist Party;Afar Parti communiste;Afar Kommunistischen Partei;;;;;;;;;;;;x;;;;;;;;;;;;;;
AWS_fascist;Fascist Faction;Faction fasciste;Die faschistische Fraktion;;;;;;;;;;;;x;;;;;;;;;;;;;;
GON;Ãîíäåð;Gonder;Gonder;;Gonder;;;;;;;;;;x;;;;;;;;;;;;;;
GON_ADJ;Ãîíäåðàíñ.;Gonderienne;Gonderische;;;;;;;;;;;;x;;;;;;;;;;;;;;
GON_conservative;Imperial Faction;Faction impériale;Imperialen Fraktion;;;;;;;;;;;;x;;;;;;;;;;;;;;
GON_liberal;Reform Faction;Faction de réforme;Verbesserung Fraktion;;;;;;;;;;;;x;;;;;;;;;;;;;;
GON_reactionary;Ras Faction;Faction Ras;Ras Fraktion;;;;;;;;;;;;x;;;;;;;;;;;;;;
GON_anarcho_liberal;Radical Faction;Faction radicale;Die radikale Fraktion;;;;;;;;;;;;x;;;;;;;;;;;;;;
GON_socialist;Socialist Party;Parti socialiste;Sozialistische Partei;;;;;;;;;;;;x;;;;;;;;;;;;;;
GON_communist;Communist Party;Parti communiste;Kommunistische Partei;;;;;;;;;;;;x;;;;;;;;;;;;;;
GON_fascist;Fascist Faction;Faction fasciste;Die faschistische Fraktion;;;;;;;;;;;;x;;;;;;;;;;;;;;
HAR;Õàðàð;Harar;Harar;;Harar;;;;;;;;;;x;;;;;;;;;;;;;;
HAR_ADJ;Õàðàðèéñê.;Hararienne;Hararische;;;;;;;;;;;;x;;;;;;;;;;;;;;
HAR_conservative;Emir's Faction;Faction Emir;Emir Fraktion;;;;;;;;;;;;x;;;;;;;;;;;;;;
HAR_liberal;Reform Faction;Faction de réforme;Verbesserung Fraktion;;;;;;;;;;;;x;;;;;;;;;;;;;;
HAR_reactionary;Religious Faction;Faction religieuse;Religiöse Fraktion;;;;;;;;;;;;x;;;;;;;;;;;;;;
HAR_anarcho_liberal;Radical Faction;Faction radicale;Die radikale Fraktion;;;;;;;;;;;;x;;;;;;;;;;;;;;
HAR_socialist;Socialist Party;Parti socialiste;Sozialistische Partei;;;;;;;;;;;;x;;;;;;;;;;;;;;
HAR_communist;Communist Party;Parti communiste;Kommunistische Partei;;;;;;;;;;;;x;;;;;;;;;;;;;;
HAR_fascist;Islamic Party;Parti islamique;Islamische Partei;;;;;;;;;;;;x;;;;;;;;;;;;;;
KAF;Êàôôà;Kaffa;Kaffa;;Kaffa;;;;;;;;;;x;;;;;;;;;;;;;;
KAF_ADJ;Êàôôàíñ.;Kaffaienne;Kaffaische;;;;;;;;;;;;x;;;;;;;;;;;;;;
KAF_conservative;Royal faction;Faction royale;Königliche Fraktion;;;;;;;;;;;;x;;;;;;;;;;;;;;
KAF_liberal;Reform Faction;Faction de réforme;Verbesserung Fraktion;;;;;;;;;;;;x;;;;;;;;;;;;;;
KAF_reactionary;Traditionalist faction;Faction traditionaliste;Traditionalist Fraktion;;;;;;;;;;;;x;;;;;;;;;;;;;;
KAF_anarcho_liberal;Freedom Faction;Faction liberté;Freiheit Fraktion;;;;;;;;;;;;x;;;;;;;;;;;;;;
KAF_socialist;Socialist Faction;Faction socialiste;Die sozialistische Fraktion;;;;;;;;;;;;x;;;;;;;;;;;;;;
KAF_communist;Communist Faction;Faction communiste;Die kommunistische Fraktion;;;;;;;;;;;;x;;;;;;;;;;;;;;
KAF_fascist;Fascist Faction;Faction fasciste;Die faschistische Fraktion;;;;;;;;;;;;x;;;;;;;;;;;;;;
SID;Ñèäàìà;Sidama;Sidama;;Sidama;;;;;;;;;;x;;;;;;;;;;;;;;
SID_ADJ;Ñèäàìàíñ.;Sidamaienne;Sidamaische;;;;;;;;;;;;x;;;;;;;;;;;;;;
SID_conservative;Aristocratic Faction;Faction aristocratique;Aristokratischen Fraktion;;;;;;;;;;;;x;;;;;;;;;;;;;;
SID_liberal;Reform Faction;Faction de réforme;Verbesserung Fraktion;;;;;;;;;;;;x;;;;;;;;;;;;;;
SID_reactionary;Traditionalist faction;Faction traditionaliste;Traditionalist Fraktion;;;;;;;;;;;;x;;;;;;;;;;;;;;
SID_anarcho_liberal;Freedom Faction;Faction liberté;Freiheit Fraktion;;;;;;;;;;;;x;;;;;;;;;;;;;;
SID_socialist;Socialist Faction;Faction socialiste;Die sozialistische Fraktion;;;;;;;;;;;;x;;;;;;;;;;;;;;
SID_communist;Communist Faction;Faction communiste;Die kommunistische Fraktion;;;;;;;;;;;;x;;;;;;;;;;;;;;
SID_fascist;Fascist Faction;Faction fasciste;Die faschistische Fraktion;;;;;;;;;;;;x;;;;;;;;;;;;;;
TIG;Òèãðàé;Tigray;Tigray;;Tigray;;;;;;;;;;x;;;;;;;;;;;;;;
TIG_ADJ;Òèãðàÿíñê.;Tigrayienne;Tigrayische;;;;;;;;;;;;x;;;;;;;;;;;;;;
TIG_conservative;Faction of the Ras of Tigray;Faction de l'Ras du Tigré;Fraktion der Ras von Tigray;;;;;;;;;;;;x;;;;;;;;;;;;;;
TIG_liberal;Reform Faction;Faction de réforme;Verbesserung Fraktion;;;;;;;;;;;;x;;;;;;;;;;;;;;
TIG_reactionary;Traditionalist faction;Faction traditionaliste;Traditionalist Fraktion;;;;;;;;;;;;x;;;;;;;;;;;;;;
TIG_anarcho_liberal;Freedom Faction;Faction liberté;Freiheit Fraktion;;;;;;;;;;;;x;;;;;;;;;;;;;;
TIG_socialist;Tigrayan People's Liberation Front;Front de libération du Tigrayienne populaire;Tigrayan Volksbefreiungsfront;;;;;;;;;;;;x;;;;;;;;;;;;;;
TIG_communist;Tigrayan Communist Party;Tigrayienne Parti communiste;Tigrayan Kommunistischen Partei;;;;;;;;;;;;x;;;;;;;;;;;;;;
TIG_fascist;Fascist Faction;Faction fasciste;Die faschistische Fraktion;;;;;;;;;;;;x;;;;;;;;;;;;;;
