UNIT_BUILD_TIME_IW;$VAL$ дн.;X
SUPPLY_OWNER;Владелец:;X
SUPPLY_ALLIED;Союзник:;X
SUPPLY_ACCESS;Проход войск:;X
SUPPLY_CONTROLLER;Контроль:;X
SUPPLY_CONTROLLER_ALLIANCE;Контроль союзником:;X
SUPPLY_SIEGE;Осада:;X
SUPPLY_CORE;Нац. провинция:;X
fascist_uh;Фашисты поддерживают проведение социальных реформ, при этом стараясь провести откат в политических. Однако они будут противиться любым изменениям, если правящая партия не будет придерживаться фашистской идеологии.;X
reactionary_uh;Реакционеры всегда стараются провести откат как политических, так и социальных реформ.;X
conservative_uh;Консерваторы предпочитают сохранять статус-кво, но при высокой агрессивности населения они могут и поддержать реформы.;X
socialist_uh;Социалисты требуют дальнейших социальных реформ, но могут поддержать и политические при условии высокой агрессивности населения.;X
communist_uh;Коммунисты желают проводить социальные реформы, но при этом мечтают об откате в политических.;X
liberal_uh;Либералы стремятся дальше продвигать политические реформы, но могут поддержать и социальные при условии высокой агрессивности населения.;X
anarcho_liberal_uh;Либерало-анархисты требуют отката социальных реформ, и никогда не поддерживают дальнейшие реформы любого вида.;X
RP_ACCUMULATED;В данный момент мы накопили §Y$VAL$§W неиспользованных очков исследования.;X
WEGAINCB_SETUP;Мы получаем повод для войны;X
WEGAINCB_HEADER;Министр иностранных дел сообщает;X
WEGAINCB_1;Повод для войны!;X
WEGAINCB_2;$MONARCHTITLE$, у нас появился повод для войны;X
WEGAINCB_3;'$CASUS$' ;X
WEGAINCB_4;с державой;X
WEGAINCB_5;$ENEMY$:;X
WEGAINCB_6;$DESC$.;X
WEGAINCB_LOG;Мы получили повод для войны '$CASUS$' с державой $ENEMY$.;X
WEGAINCB_BTN1;ОК;X
WEGAINCB_BTN2;ОК;X
WEGAINCB_BTN3;Перейти;X
WEGAINCB_MAP;*;X
NORMAL_WAR_FREE_NAME;$ORDER$$FIRST$ война за $COUNTRY_ADJ$ свободу;X
AGRESSION_WAR_FREE_NAME;$ORDER$$FIRST$ война за поддержку державы $COUNTRY$;X
NORMAL_WAR_COLONIAL_NAME;$ORDER$$FIRST$ война за захват колониальной области $STATE$;X
AGRESSION_WAR_COLONIAL_NAME;$ORDER$$FIRST$ колониальная война за регион $STATE$;X
NORMAL_WAR_TAKE_NAME;$ORDER$$FIRST$ война за захват региона $STATE$;X
AGRESSION_WAR_TAKE_NAME;$ORDER$$FIRST$ война за регион $STATE$;X
NORMAL_WAR_TAKE_CORE_NAME;$ORDER$$FIRST$ война за освобождение региона $STATE$;X
AGRESSION_WAR_TAKE_CORE_NAME;$ORDER$$FIRST$ война за овладение регионом $STATE$;X
NORMAL_WAR_TAKE_SPHERE_NAME;$ORDER$$COUNTRY$ война;X
AGRESSION_WAR_TAKE_SPHERE_NAME;$ORDER$$FIRST$-$SECOND$ война за державу $COUNTRY$;X
NORMAL_WAR_ADD_SPHERE_NAME;$ORDER$Война за $SECOND$ подчинение;X
AGRESSION_WAR_ADD_SPHERE_NAME;$ORDER$Война за $SECOND$ порабощение;X
NORMAL_CIVIL_WAR_NAME;$ORDER$$FIRST$ гражданская война;X
AGRESSION_CIVIL_WAR_NAME;$ORDER$$FIRST$ гражданская война;X
NORMAL_WAR_CONQUEST_NAME;$ORDER$Война за $SECOND$ завоевание;X
AGRESSION_WAR_CONQUEST_NAME;$ORDER$$FIRST$ агрессивная война против державы $SECOND_COUNTRY$;X
ADJ_FORT_EXTRA_ATTR;И §R+$VAL$%§W от соседних крепостей врага.;X
IS_NOT_ACCEPTED_CULTURE_POP;Не обладают статусом признанной культуры\n;X
IS_ACCEPTED_CULTURE_POP;Обладают статусом признанной культуры\n;X
IS_NOT_PRIMARY_CULTURE_POP;Не принадлежат к основной культуре §Y$NAME$§W\n;X
IS_PRIMARY_CULTURE_POP;Принадлежат к основной культуре §Y$NAME$§W\n;X
NEW_CORE_EFFECT_TAG2;Провинция §Y$NEW$§W станет считаться национальной для державы $TAG$\n;X
digin;Окапывание;X
terrain;Местность;X
crossing;Водное препятствие;X
total_occupation;Оккупированные родные провинции;X
total_blockaded;Блокированные родные порты;X
PW_SLAVE_STATE;Рабовладельческая область;X
CURR_REL_TT;Текущий уровень наших отношений.;X
great_power;Великая держава;X
second_power;Колониальная держава;X
civ_nation;Цивилизованное гос-во;X
unciv_nation;Нецивилизованное гос-во;X
REB_TYPE_SIZE;§YПоддержка повстанцев§W;X
REB_TYPE_POWER;§YСила повстанцев§W;X
PRODUCTION_MUST_PORT_ONLY;Можно производить только в порту.\n;X
POPULATION_CHANGED_BY;Численность населения изменяется на;X
COMBAT_LEADER_MOD;Командующий;X
POLITICS_CANNOT_SET_RULING_PARTY_IN_ELECTION;Нельзя менять правящие партии прямо во время выборов.;X
IS_NOT_OVERSEAS;Не находится за морем;X
IS_OVERSEAS;находится за морем;X
SHIP_SUB_NAME;$HOME$;X
FOLLOWING_HAVE_CLAIMS;Следующие страны имеют претензии на эту территорию:;X
COUNTRY_IS_NOT_CULTURE;Основная культура - не;X
COUNTRY_IS_CULTURE;Основная культура -;X
NO_ASSIM_NOW;Ассимиляция не происходит.;X
MODIFIER_LOCAL_REPAIR;Скорость ремонта кораблей;X
BADBOY_DRO_1;Изменение бесчестья в месяц:\n;X
REGIMENT_SIZE;Боеспособность: §Y$SIZE$§W\n;X
CURRENT_MORALE;Организация: §Y$SIZE$§W из $MAX$\n;X
SUPPLY_COST;Стоимость снабжения;X
ALL_CORE_PROVINCE_THAT;Для всех национальных провинций ;X
BREAKCOUNTRY_SETUP;Фракция повстанцев заставляет нас принять свои требования;X
BREAKCOUNTRY_HEADER;Министр внутренних дел сообщает;X
BREAKCOUNTRY_1;Победа повстанцев!;X
BREAKCOUNTRY_2;$MONARCHTITLE$, фракция повстанцев $FACTION$ заставила нас принять свои требования!;X
BREAKCOUNTRY_3;У нас не было другого выбора, кроме как подчиниться им.;X
BREAKCOUNTRY_4;$EFFECTS$;X
BREAKCOUNTRY_5;*;X
BREAKCOUNTRY_6;*;X
BREAKCOUNTRY_LOG;Фракция повстанцев $FACTION$ заставила нас принять свои требования!;X
BREAKCOUNTRY_BTN1;Ужас!;X
BREAKCOUNTRY_BTN2;Ужас!;X
BREAKCOUNTRY_BTN3;Перейти;X
BREAKCOUNTRY_MAP;*;X
BREAKCOUNTRYOTHER_SETUP;Фракция повстанцев заставляет принять свои требования другую державу;X
BREAKCOUNTRYOTHER_HEADER;Посол державы;X
BREAKCOUNTRYOTHER_1;$OTHER$;X
BREAKCOUNTRYOTHER_2;сообщает нам о том, что они были вынуждены;X
BREAKCOUNTRYOTHER_3;принять требования фракции повстанцев $FACTION$.;X
BREAKCOUNTRYOTHER_4;$EFFECTS$;X
BREAKCOUNTRYOTHER_5;*;X
BREAKCOUNTRYOTHER_6;*;X
BREAKCOUNTRYOTHER_LOG;Держава $OTHER$ приняла требования фракции повстанцев $FACTION$!;X
BREAKCOUNTRYOTHER_BTN1;ОК;X
BREAKCOUNTRYOTHER_BTN2;ОК;X
BREAKCOUNTRYOTHER_BTN3;Перейти;X
BREAKCOUNTRYOTHER_MAP;*;X
INVENTION_SETUP;Мы делаем изобретение;X
INVENTION_HEADER;Министр внутренних дел сообщает;X
INVENTION_1;Крупное открытие!;X
INVENTION_2;Ученые нашей великой державы сделали изобретение;X
INVENTION_3;$INVENTION$.;X
INVENTION_4;$DESC$;X
INVENTION_5;Эффект:;X
INVENTION_6;$EFFECT$;X
INVENTION_LOG;Мы сделали изобретение '$INVENTION$'.;X
INVENTION_BTN1;ОК;X
INVENTION_BTN2;ОК;X
INVENTION_BTN3;Подробнее;X
INVENTION_MAP;*;X
revanchism;Реваншизм;X
plurality;Плюрализм;X
TOPBAR_LEADERSHIP_GAIN_TOOLTIP;Ежемесячный прирост благодаря офицерам наших очков лидерства равен §Y$CURR$§W.;X
UW_AASIGN;Автоназначение командиров;X
ATTR_SAFE_RANGE;Флотилия на дистанции снабжения и около побережья не несет потерь от его недостатка.;X
TECHNOLOGYVIEW_HAVE_NOT_YEAR;Нельзя начать это исследование раньше §Y$YEAR$§W года.;X
ENCOURAGEMENT_FOR;Стимулирование - ;X
IS_NOT_PRIMARY_CULTURE;§Y$NAME$§W не имеют статус основной культуры\n;X
IS_PRIMARY_CULTURE;§Y$NAME$§W имеют статус основной культуры\n;X
IS_NOT_ACCEPTED_CULTURE2;§Y$NAME$§W не имеют статус признанной культуры\n;X
IS_ACCEPTED_CULTURE2;§Y$NAME$§W имеют статус признанной культуры\n;X
ALL_COUNTRIES_EFF;У всех стран;X
ALL_COUNTRIES_THAT_EFF;У всех стран, таких что;X
GETTING_ONLY_NEEDS;$NEED$: §Y$VAL$%§W;X
tutorial_chapter_introduction;Конец вводного курса;X
tutorial_end_of_chapter;Конец главы курса;X
ISSUE_MOVE_EFFECT;§Y$PERCENTAGE$%§W от групп населения перейдут от вопроса §YFROM§W к вопросу §YTO§W.;X
ADD_WARGOAL_EFFECT;Добавив эту цель, мы получим:;X
ADD_WARGOAL_SUCCESS;Достигнув этой цели, мы получим:;X
ADD_WARGOAL_FAILURE;Потерпев неудачу, мы получим:;X
WARDIALOG_TRUCE;Перемирие: ;X
WARDIALOG_NOCB;Нет повода для войны: ;X
DIPLOMACY_INFAMY2;Бесчестье: $VALUE$;X
DIPLOMACY_PRESTIGE2;Престиж: $VALUE$;X
DIPLOMACY_MILITANCY2;Агрессивность: $VALUE$;X
REMOVE_DIPLOMACY_WARDIALOG_ALLIES;убрано;X
REMOVE_DIPLOMACY_WARDIALOG_NUM_ALLIES;убрано;X
DIPLOMACY_WAR_HASTRUCE;§RУ нас действует перемерие с державой§Y$COUNTRY$§R до §Y$DATE$§R. Объявление ей войны сейчас приведет к серьезной потере нашего престижа.;X
REMOVE_DIPLOMACY_DAILYINFLULENCE_GAIN;убрано;X
tutorial_chapter_budget_victoria;Конец среднего учебного сценария по бюджету;X
NO_RELEASEABLE_NATIONS;У нас нет наций, которым мы могли бы предоставить суверенитет.;X
DIPLOMACY_CALL_ALLIES_NOT_LEADER;Мы не являемся лидером этой войны, и потому не можем призвать союзников.;X
LEDGER_NEXT;Следующая;X
LEDGER_PREV;Предыдущая;X
MEC_544;Шлезвиг-Гольштейн;X
COUNTRYALERT_CanIncreaseOpinion;Мы можем §Yулучшить мнение§W о нашей державе или же включить другую страну в нашу §Yсферу интересов§W:;X
COUNTRYALERT_NO_CanIncreaseOpinion;В данный момент мы не можем §Yулучшить мнение§W о нашей державе или же включить другую страну в нашу §Yсферу интересов§W.;X
COLONY_SUCCESS_LOG;Мы успешно основали колонию в регионе $TARGET$.;X
COLONY_FAIL_LOG;Держава $OTHER$ раньше нас смогла основать колонию в регионе $TARGET$.;X
american_cultures;Американцы;X
CANT_USE_LAST_WAR_GOALS;Выбор этой цели войны приведет к ее завершению, а потому это может быть сделано только во время мирных переговоров с лидером войны.;X
tut_6a_13;Чтобы повысить промышленное производство Бельгии, нам нужно больше ремесленников. Щелкните по значку рабочего, чтобы установить этот приоритет.;X
DEN_251;Исландия и Гренландия;X
CANCELALLIANCE_THEY_ACCEPT_BTN2;ОК;X
CANCELALLIANCE_THEY_ACCEPT_BTN3;Перейти;X
tut_1b_19;Сейчас мы назначим генерала на должность вручную. Для этого выберите свою дивизию в Спа.;X
TOPBAR_DEC_SPEED;Уменьшить скорость игры;X
fort;Крепость;X
fort_short;Крепость;X
TOPBAR_DEC_SPEED;Уменьшить скорость игры;X
IS_GREAT_NATION;Является великой державой;X
NO_DEMOTION;В этом месяце не будет понижений статуса.;X
NO_PROMOTION;В этом месяце не будет повышений статуса.;X
INCREASEOPINION_THEY_ACCEPT_MAP;Мнение улучшено!;X
INCREASEOPINION_WE_ACCEPT_MAP;Мнение улучшено!;X
DECREASEOPINION_THEY_ACCEPT_MAP;Мнение ухудшено!;X
DECREASEOPINION_WE_ACCEPT_MAP;Мнение ухудшено!;X
ADDTOSPHERE_THEY_ACCEPT_MAP;Включение в сферу!;X
ADDTOSPHERE_WE_ACCEPT_MAP;Включение в сферу!;X
REMOVEFROMSPHERE_THEY_ACCEPT_MAP;Исключение из сферы!;X
REMOVEFROMSPHERE_WE_ACCEPT_MAP;Исключение из сферы!;X
INCREASERELATION_THEY_ACCEPT_MAP;Отношения улучшены!;X
INCREASERELATION_WE_ACCEPT_MAP;Отношения улучшены!;X
DECREASERELATION_THEY_ACCEPT_MAP;Отношения ухудшены!;X
DECREASERELATION_WE_ACCEPT_MAP;Отношения ухудшены!;X
WETARGET_DISCREDIT_MAP;Дискредитация!;X
WETARGET_EXPELADVISORS_MAP;Высылка советников!;X
WETARGET_BANEMBASSY_MAP;Закрытие посольства!;X
WETARGET_DECREASEOPINION_MAP;Мнение ухудшено!;X
WETARGET_REMOVEFROMSPHERE_MAP;Исключение из сферы!;X
womens_suffrage_movement;Движения за предоставление избирательных прав женщинам ;X
WAR_GOOD_RELATION;Хорошие отношения (§Y$REL$§W) и средняя сознательность (§Y$CON$§W): ;X
make_slave;Создать рабовладельческую область;X
make_free;Создать свободную область;X
POP_OTHER_CULT;Другие;X
BLOCKADED_PEACE;В блокаде;X
PRODUCTION_DESTROY_FACTORY_BECAUSE_TOOLTIP;Мы можем разрушить эту фабрику вследствие:\n;X
PRODUCTION_NOT_DESTROY_FACTORY_BECAUSE_TOOLTIP;Мы §RНЕ§W можем разрушить эту фабрику вследствие:\n;X
RULE_DESTROY_FACTORY;Разрушение фабрик;X
INCREASE_RELATION_MAX;Мы не можем еще сильнее улучшить наши отношения с державой ;X
DECREASE_RELATION_MAX;Мы не можем еще сильнее ухудшить наши отношения с державой ;X
BANKRUPTCY_SETUP;Мы становимся банкротом;X
BANKRUPTCY_HEADER;$MESSENGER$;X
BANKRUPTCY_1;Банкротство!;X
BANKRUPTCY_2;Нас заставили объявить банкротство!;X
BANKRUPTCY_3;Мы освобождены от обязательств по взятым ранее займам.;X
BANKRUPTCY_4;Однако это ужасно не понравилось нашему населению,;X
BANKRUPTCY_5;и наш престиж в глазах остального мира резко снизился.;X
BANKRUPTCY_6;В будущем банки будут гораздо неохотнее давать нам в долг деньги.;X
BANKRUPTCY_LOG;Мы объявлены банкротом.;X
BANKRUPTCY_BTN1;Это очень плохо;X
THEY_BANKRUPTCY_SETUP;Другая держава становится банкротом;X
THEY_BANKRUPTCY_HEADER;$MESSENGER$;X
THEY_BANKRUPTCY_1;Банкротство!;X
THEY_BANKRUPTCY_2;Держава $COUNTRY$;X
THEY_BANKRUPTCY_3;была вынуждена объявить о своем банкротстве!;X
THEY_BANKRUPTCY_4;*;X
THEY_BANKRUPTCY_5;*;X
THEY_BANKRUPTCY_6;*;X
THEY_BANKRUPTCY_LOG;Держава $COUNTRY$ объявлена банкротом.;X
THEY_BANKRUPTCY_BTN1;ОК;X
LIT_CHANGE;Ежемесячное изменение;X
precious_metal_desc;Драгоценными металлами не торгуют на мировом рынке, а сразу превращают их в деньги.;X
DIPLOMACY_CANNOT_SET_PRIO_BANNED;Мы не можем влиять на эту страну, поскольку наши послы из нее были отозваны.;X
PROV1723;Бальбоа;X
PROV353;Эзель;X
MILITARY_MOBILIZE;Мобилизация вооруженных сил.;X
MILITARY_MOBILIZE_DESC;Помимо регулярной армии наша страна может также в случае войны выставить дополнительные войска, заполнив их новобранцами из числа призывников. После объявления мобилизации наши комплектуемые по призыву армии начнут формироваться в крупных населенных центрах, постепенно повышая свою боеготовность. Хотя мобилизованные солдаты и могут иметь большое значение для отражения массированного вражеского нашествия, следует всегда проявлять осторожность с их призывом в армию, поскольку это оказывает огромный негативный эффект на национальную экономику.;X
MILITARY_DEMOBILIZE;Демобилизация вооруженных сил.;X
MILITARY_DEMOBILIZE_DESC;Получив приказ о демобилизацию, наши призывники покинут поле боя и вернуться к своим семьям. И хотя любая разоренная невзгодами войны страна стремиться вернуться к нормальной жизни, нам следует сначала гарантировать себе победу, перед тем как вложить меч обратно в ножны.;X
BE_TECH;Технологии:;X
BE_INVENT;Изобретения:;X
TOPBAR_DIPLOPOINTS_GAIN;Ежемесячно наш прирост дипломатических очков равен §Y$VALUE$§W.;X
TOPBAR_DIPLOPOINTS_BASEGAIN;Базовое число очков: §Y$VALUE$§W.;X
MOBILISE;Провести мобилизацию;X
DEMOBILISE;Провести демобилизацию;X
BE_INVENT;Изобретения:;X
THE_WORLD_IN;Мир в $YEAR$ году;X
TECHNOLOGY_ACTIVATION_YEAR;Год активации:;X
TECHNOLOGY_RESEARCH_POINTS;Очки исследования:;X
tut_8c_12;В 'Виктории II' вы должны определить цели любой войны, которую вы начинаете. Все возможные цели войны показаны справа в окне объявления войны. Помните, что при заключении мира вы можете требовать только то, что указано в целях войны.\nНажмите на окно 'Ведущиеся войны', чтобы проверить свои цели войны.;X
tut_6b_14;Теперь нажмите 'Дальше' для продолжения.;X
tut_8a_7;Чтобы попытаться заключить союз с Соединенным Королевством, мы должны предпринять дипломатическую акцию. Дипломатические акции бывают самые разные - от предложения союза до объявления войны. Чтобы предпринять акцию, у нас должны быть очки дипломатии, они начисляются каждый месяц. На верхней панели мы видим, что у нас 1 очко. Как раз столько требуется для заключения союза. Нажмите кнопку заключения союза, а затем подтвердите свое решение заключить альянс с Британией.;X
TEMP_NEXT;Дальше;X
BUDGET_EXPORTS;Продажа государственных запасов: §Y$VAL$§W;X
BUDGET_IMPORTS;Наполнение государственных запасов: §Y$VAL$§W;X
bad_debter;Безнадежный должник;X
bad_debter_desc;В следствие нашей безответственной экономической политики в прошлом банки будут выдавать нам займы только под высокие проценты.;X
MUST_NEGOTIATE_WITH_WAR_LEADER;Мы должны вести переговоры с §Wлидером войны§Y, если сами не осуществляем руководство в нашей войне.;X
BAD_ADJ;Баденск.;X
WAR_LEADER;§YЛидер войны§W;X
MUST_NEGOTIATE_WITH_WAR_LEADER_NO_LEFTOVER_WARGOALS;Мы должны вести переговоры с §Yлидером войны§W, поскольку заключение мира с державой §Y$COUNTRY$§W приведет к завершению всей войны.;X
WARGOAL_DEMAND;Держава §Y$COUNTRY$§W требует этого от державы §Y$ENEMY$§W.;X
POP_DETAILS_PROMOTIONS;Повышения статуса:;X
POP_DETAILS_DEMOTIONS;Понижения статуса:;X
NO_WAR_SPHERE_LEADER;Мы не можем объявить войну лидеру сферы влияния, в которой находимся.;X
EVTNAME15310;Летучий университет;X
GO_TO_DIPLOMACY;Открыть окно дипломатии;X
PROVINCE_CONTROL_DAYS_LATER_THAN;Контроль над провинцией не изменялся за последние §Y$DAYS$§W дн.\n;X
PROVINCE_CONTROL_DAYS;Контроль над провинцией изменялся за последние §Y$DAYS$§W дн.\n;X
ENFORCE_DEMANDS_TRIGGER;Повстанцы одержат победу, если будут соблюдены следующие условия:;X
tut_1a_40;После того, как вы увидите стрелку движения, снимите игру с паузы, чтобы продолжить ее.;X
EVTNAME15060;Первый Фермерский Банк ;X
POLITICS_REFORMS;Реформы;X
POLITICS_RELEASE_NATIONS;Новые державы;X
MILITARY_LEADER_NAME_TOOLTIP;§Y$NAME$§W командует подразделением §Y$ARMY$§W, находящимся в провинции §Y$LOCATION$§W.;X
hms_government;Королевское правление;X
EVTNAME19310;Мандат Неба;X
EVTDESC19310;Эта концепция китайской философии схожа с западным представлением о божественном праве королей, и она так же исторически использовалась для оправдания и обоснования монархической власти. После нашего недавного возвышения до статуса великой державы наши подданные снова уверовали, что наше правительство пользуется мандатом неба.;X
EVTOPTA19310;Отлично!;X
EVTNAME19320;Империя Солнца;X
EVTDESC19320;Япония, страна Восходящего солнца. В течение многих лет после того, как черные корабли гайдзинов появились у наших берегов, наша нация следовала в кильватере более могущественных, чем мы, государств. Однако после нашего недавного возвышения до статуса великой державы все изменилось. Отныне пусть ветры отражают и рассеивают любые иностранные волны, которые посмеют перекатываться через священные берега Великой Японии!;X
EVTOPTA19320;Банзай!;X
form_union_nation_title;Создание державы $CULTURE_GROUP_UNION$;X
form_union_nation_desc;Наше доминирующее положение среди наших братьев по культуре позволяет нам сформировать державу $CULTURE_GROUP_UNION$.;X
BE_SECOND_RANK;Колониальная держава;X
COUNTRYALERT_HasUnemployedWorkers;В следующих регионах есть безработные рабочие фабрик:;X
REMOVE_TOPBAR_POPULATION;Взрослое мужское население нашей державы составляет $CURR$. Каждый месяц оно изменяется примерно на $CHANGE$.;X
TOPBAR_POPULATION_VISUAL;Наше общее население равно $CURR$.;X
BUILD_COLONIAL;Неколониальная область;X
EVTNAME60080;Дорога к рабству;X
EVTDESC60080;В последнее время вас начинает охватывать жуткий страх, видя, как в стране начинает распространяться тишина. Там, где раньше царил свободный обмен мнениями и идеями, от перекрестков улиц и автобусных остановок до баров и университетов, теперь можно услышать только отголоски тишины. Становится очевидным, что традиции $COUNTRY_ADJ$ демократии разрушены до основания. Правительства для народа, из народа и во имя народа - больше не существует.;X
EVTOPTA60080;Муа-ха-ха!;X
EVTNAME14210_sub;Все что они говорят: «Дайте миру шанс!»;X
EVTNAME14040;Любовь и война;X
REL_SPHERE_OF_INFLUENCE;Сфера;X
status_quo_short;Статус-кво;X
TOTAL_AMOUNT_OF_SHIPS;Общее число кораблей больше или равно $COUNT$;X
LESS_AMOUNT_OF_SHIPS;Общее число кораблей меньше $COUNT$;X
tut_3a_21b;Попробуйте взять заем. Для этого нажмите кнопку 'Взять заем', доведите бегунок до нужной цифры, а затем нажмите на кнопку 'ОК'.;X
REVANCHISM_EXPLANATION;Реваншизм (это слово происходит от французского 'реванш') - стремление к возвращению территорий, потерянных нацией. В любви, на войне или в мире наш народ готов будет пойти на великие жертвы, лишь бы вернуть наши святые земли.;X
EVTNAME14120_sub;Предвыборные дебаты о религиозной политике;X
tut_8c_10;Если вы окажетесь под угрозой потери статуса, то заблаговременно получите предупреждение, и у вас будет время исправить положение. Одним из способов предотвратить катастрофу, безусловно, является война. Она может повысить ваш престиж или понизить престиж соперника. Найдите Францию и объявите ей войну. Для этого нажмите на кнопку 'Объявить войну', выберите цель войны и затем нажмите 'ОК'.;X
BE_GREAT_POWER;Великая держава;X
DIPLOMACY_GREATNATION_STATUS;Великая держава;X
WE_NO_LONGER_GREAT_POWER_2;Наша держава резко опустилась вниз в глазах всего мира.;X
THEY_NO_LONGER_GREAT_POWER_3;потеряла свой статус великой державы, который перешел;X
WE_BECAME_GREAT_POWER_2;Наш статус в глазах всего остального мира вырос, и теперь;X
SERVER_LOST_DESC;Сервер потерян. Вы можете сохранить игру или же продолжить ее, закрыв это окно. Чтобы продолжить ее вместе с остальными игроками, вы должны выйти и сделать рехост.;X
MODIFIER_GLOBAL_POP_MILITANCY_MODIFIER;Агрессивность населения;X
MODIFIER_GLOBAL_POP_CONSCIOUSNESS_MODIFIER;Сознательность населения;X
global_liberal_agitation;Либеральная агитация;X
desc_global_liberal_agitation;Подстрекатели проповедуют идеи либерализма и революции.;X
EDU_DESC;Расходы на образование идут на выплаты священникам, равно как и на получение очков исследования.;X
ADM_DESC;Расходы на управление идут на обеспечение плавной работы нашего государственного аппарата и содержание чиновников, что увеличивает эффективность сбора налогов.;X
COMBATEND_INITIAL;Перед боем;X
COMBATEND_CASUALTIES;Потери;X
COMBATEND_SURVIVORS;После боя;X
cavours_diplomacy_title;Дипломатия Кавура;X
cavours_diplomacy_desc;Камилло Паоло Филиппо Джулио Бензо, граф ди Кавур, премьер-министр Сардинского королевства, был ключевой фигурой движения за объединение Италии. Особенно ему ставят в заслугу дипломатические усилия по обеспечению поддержки Наполеона III против Австрии во время второй войны за независимость Италии.;X
EVTNAME36898;Коронация королевы Виктории;X
EVTDESC36898;28 июня 1838 года принцесса Александрина Виктория из Ганноверской династии была коронована короной Соединенного королевства Великобритании и Ирландии под именем Виктории. Ее правление, продлившееся аж до начала XX века, осталось в памяти потомков эпохой абсолютного расцвета Британской империи, над которой никогда не заходило солнце. Последний британский монарх из Ганноверской династии, чье восхождение на трон привело к концу личной унии между Британией и Ганновером. Сегодня ликующая столичная толпа сопровождает юную королеву в ее резиденцию, недавно построенный Букингемский дворец.;X
EVTOPTA36898;Да здравствует королева!;X
RELEASE_VASSAL_EFFECT;Будет выделена держава §Y$TARGET$§W.\n;X
EVTDESC15310;Она крадется по улицам города, боясь любой тени, ведь за ними могут скрываться $COUNTRY_ADJ$ солдаты. Освященный циферблат часов на церковной башне словно следит за ней своим огромным желтым глазом. Она опаздывает, но занятия все еще идут.\nПодпольный университет основан в провинции $PROVINCENAME$, где несмотря на запрет, получают высшее образование на языке национального меньшинства.;X
EVTNAME11100;$FROMCOUNTRY_ADJ$ парламент;X
EVTDESC11100;Подъем либерального национализма в великой державе $CULTURE_GROUP_UNION$ привел к падению правительства в государстве $FROMCOUNTRY$. Был созван новый парламент, состоящий из либеральных революционеров со всей страны, который объявил об ее объединении под одним флагом. Парламент предложил корону этого единого государства нам. Мы можем принять это предложение, однако это приведет к росту озабоченности международного сообщества, а также потребует от нас политических компенсаций революционерам.;X
EVTOPTA11100;Ура!;X
EVTOPTB11100;Я не приму корону из рук этого сброда;X
IS_IN_A_SPHERE;Находится в сфере влияния.;X
EVTNAME16070;Пожиратели огня;X
EVTDESC16070;«Это должно навсегда положить конец всем дискуссиям о нашем своеобразном институте».\n\nЕго речь была тихой, но несла в себе внутреннее пламя праведного гнева, направленного на всех и все, что он считал угрозой институту рабства. «Пожиратели огня», радикальные агитаторы за рабство, появились в провинции $PROVINCENAME$.;X
EVTOPTA16070;Все люди равны…;X
EVTOPTB16070;Он прав, как никто другой!;X
PROVINCEVIEW_SUPPLY_LIMIT;Лимит снабжения:;X
PRODUCTION_COST_REOPEN;Стоимость возобновления: §Y$VAL$§W;X
EVTNAME11102;Да здравствует $CULTURE_GROUP_UNION$!;X
EVTDESC11102;По всей стране $COUNTRY$ толпы празднующих, размахивая флагами державы $CULTURE_GROUP_UNION$, выходят на улицы, узнав, что правительство в городе $CAPITAL$ объявило об объединении этой державы под $COUNTRY_ADJ$ флагом.\n\n«Слишком долго нашей страной помыкали иностранные державы, устраивая заговоры и махинации. Отныне и навеки на просторах нашей родины мы закладываем основы более совершенного союза. Троекратное ура в честь объединения державы $CULTURE_GROUP_UNION$!»;X
EVTOPTA11102;Ура!;X
NAVALATTACKTHEM_HEADER;Главнокомандующий флотом сообщает;X
NAVALATTACKUS_HEADER;Главнокомандующий флотом сообщает;X
SIEGEUS_SETUP;Враг начинает оккупацию нашей провинции;X
SIEGEUS_HEADER;$MESSENGER$;X
SIEGEUS_1;Начало оккупации!;X
SIEGEUS_2;$MONARCHTITLE$, провинция;X
SIEGEUS_3;§Y$PROV$§W;X
SIEGEUS_4;начинает оккупироваться врагом! Однако мы не испытываем страха! Войска державы;X
SIEGEUS_5;§Y$ATTACKER$§W;X
SIEGEUS_6;вскоре будут изгнаны прочь нашими могучими армиями.;X
SIEGEUS_LOG;Провинция $PROV$ начинает оккупироваться противником.;X
SIEGEUS_BTN1;ОК;X
SIEGEUS_BTN2;ОК;X
SIEGEUS_BTN3;Перейти;X
SIEGEUS_MAP;*;X
SIEGETHEM_SETUP;Мы начинаем оккупацию вражеской провинции;X
SIEGETHEM_HEADER;$MESSENGER$;X
SIEGETHEM_1;Начало оккупации!;X
SIEGETHEM_2;$MONARCHTITLE$, мы начали оккупацию провинции;X
SIEGETHEM_3;§Y$PROV$§W.;X
SIEGETHEM_4;Пройдет не так много времени, прежде чем наши войска вырвут контроль над провинцией из рук державы;X
SIEGETHEM_5;§Y$DEFENDER$§W.;X
SIEGETHEM_6;Местное население будет с нетерпением ждать установления нашего просвещенного правления.;X
SIEGETHEM_LOG;Мы начали оккупацию провинции $PROV$.;X
SIEGETHEM_BTN1;ОК;X
SIEGETHEM_BTN2;ОК;X
SIEGETHEM_BTN3;Перейти;X
SIEGETHEM_MAP;*;X
chief_of_army;Главнокомандующий армией;X
chief_of_navy;Главнокомандующий флотом;X
chief_of_staff;Генеральный штаб;X
SPHERE_LEADER;Глава сферы влияния;X
CONFIRM_INTERVENTION;Интервенция!;X
CONFIRM_INTERVENTION_DESC;Вы действительно хотите вмешаться в конфликт $WAR$?;X
CHAT_NONE_TIP;Убрать фильтр чата.;X
CHAT_ALLIES_TIP;Беседовать только с союзниками.;X
CHAT_ENEMIES_TIP;Беседовать только с врагами.;X
CHAT_ALL_TIP;Беседовать со всеми.;X
CHAT_FILTER;Нажмите, чтобы изменить получение или неполучение этим игроком ваших сообщений.;X
UV_NO_MORALE;Не может двигаться из-за низкого уровня организации. Текущий уровень организации равен §Y$ORG$§W, тогда как необходимо иметь минимум §Y$NEED$§W.;X
UV_NO_STRENGHT;Не может двигаться из-за низкого уровня боеспособности. Текущий уровень организации равен §Y$STR$§W, тогда как необходимо иметь минимум §Y$NEED$§W.;X
tut_7a_6b;Ниже расположена строчка с галочкой: 'Автоматизация'.\nОна устанавливает автоматическую закупку необходимых вашим армиям товаров.;X
tut_1a_4;Голландцы собирают силы на наших границах, мы должны отразить вторжение. Сначала нам нужно выбрать армию. \nДля этого нажмите на армию в Брюсселе.;X
CONT_AI;Заменить ИИ;X
CONT_CONTINUE;Продолжить (без ИИ);X
ASKMILITARYACCESS_THEY_ACCEPT_6;В период всего времени действия этого договора мы сможем свободно перемещать свои войска через их территорию.;X
ASKMILITARYACCESS_THEY_DECLINE_6;То, что они они не увидели выгоды от нахождения наших бравых вояк на улицах их столицы, это одна из маленьких тайн нашей жизни.;X
DISBAND_UNIT_DRO;Роспуск подразделения полностью удалит его из игры, и в результате нам не придется больше тратить деньги на его содержание.;X
residency_desc;Правом голоса обладают только представители основной культуры государства.;X
limited_citizenship_desc;Правом голоса обладают представители основной и признанных культур.;X
small_arms_production_desc;С изобретением казнозарядных винтовок, механического сверления нарезов, полуавтоматических винтовок и других технических улучшений в разработке оружия, производство стрелкового вооружения в течение XIX века возросло в разы.;X
ammunition_production_desc;На протяжении XIX века разработка и производство основных боеприпасов увидели немало значительных улучшений. Достижения в области конструкции - переход от дульного до казнозарядного заряжения к полуавтоматическим винтовкам и пулеметам - привели к гигантскому росту производства боеприпасов.;X
explosives_production_desc;Викторианская эра стала свидетелем потрясающих достижений человечества в области взрывчатки. Эпоха, начавшаяся практически лишь с простого черного пороха, закончилась появлением пластических взрывчатых веществ и нитроглицерина.;X
artillery_production_desc;Промышленная революция XIX века повлияла практически на все сферы человеческой деятельности, и производство артиллерии не было исключением. То, что ранее было длительным процессом литья бронзовых пушках - в руках корифеев индустрии вроде Альфреда Круппа или Хайрема Максима - стало точной наукой.;X
PO_PD_70;Мы одержали безоговорочную победу и при мирных переговорах сможем достичь некоторых наших целей войны.;X
PO_PD_40;Мы одержали внушительную победу и при мирных переговорах сможем достичь как минимум одной из наших целей войны.;X
PO_PD_10;Мы одержали победу. Противник, скорее всего, согласиться на белый мир или же на достижение нами одной из ограниченных целей войны.;X
PO_PD_NEG_25;Противник одержал победу. Нам следует предложить ему достижение им одной из ограниченных целей войны, если мы хотим заключить мир.;X
PO_PD_NEG_60;Противник одержал внушительную победу. Нам следует предложить ему достижение им как минимум одной из его основных целей войны.;X
PO_PD_NEG_99;Противник одержал безоговорочную победу. Нам следует предложить ему достижение им некоторых его целей войны.;X
TOPBAR_AT_WAR_WITH;Мы воюем с державой §Y$COUNTRY$§W.;X
tut_7a_8a;Обратите внимание на значок с надписью 'Покупать' под ним и бегунок рядом. Если вы установите бегунок на определенную величину запасов, игра автоматически будет пытаться закупать этот товар, пока запасы не достигнут нужного значения.;X
EVTOPTA17000;Никакого голосования по этому вопросу не будет;X
EVTOPTB17000;Только если будет достаточная поддержка в народе…;X
