AI_FEARS_US_TITLE1;Держава $TAG_0_0_UPPER$ опасается нашей мощи!;x
AI_FEARS_US_DESC1_LONG;От нашего корреспондента в державе $TAG_0_0$ поступают интересные слухи. Неназванный источник сообщает о встречах высшего офицерского состава в столице. Главной темой этих совещаний был возможный вариант объявления войны и вторжения наших войск. Обсуждалась возможная контратака и даже партизанская война. Видимо верховное командование $TAG_0_0_ADJ$ армии готовится к худшему. Кажется они боятся нас!;x
AI_FEARS_US_DESC1_MEDIUM;Неназванный источник в державе $TAG_0_0$ сообщает о том, что их правительство готовится к худшему. Они обдумывают возможность нашего нападения и от этого в их жилах стынет кровь!;x
AI_FEARS_US_DESC1_SHORT;Поступают доклады о положении дел в державе $TAG_0_0$. В их столице прошло несколько совещаний военного руководства и они всерьез обсуждали возможность нашего вторжения!;x
AI_FEARS_US_TITLE2;Держава $TAG_0_0$ опасается вторжения!;x
AI_FEARS_US_DESC2_LONG;Недавняя статья $TAG_0_0_ADJ$ газеты поразила их нацию! Анализ ухудшающихся отношений и сравнение военного потенциала наших держав привели редактора к мысли о возможности скорой войны, и если это произойдет, то существование державы $TAG_0_0$ окажется под угрозой. Элита и простой народ державы $TAG_0_0$ требуют от правительства заключить выгодный союз для противостояния внешней угрозе.;x
AI_FEARS_US_DESC2_MEDIUM;Недавняя статья $TAG_0_0_ADJ$ газеты поразила их нацию! Анализ ухудшающихся отношений наших держав привели редактора к мысли о возможности скорой войны между нашими державами, если не будут достигнуты необходимые договоренности.;x
AI_FEARS_US_DESC2_SHORT;Недавняя статья $TAG_0_0_ADJ$ газеты поразила их нацию! Анализ ухудшающихся отношений и сравнение военного потенциала наших держав привели редактора к мысли о возможности скорой войны между нашими державами.;x
AI_FEARS_US_TITLE3;Держава $TAG_0_0$ оскорбила нас!;x
AI_FEARS_US_DESC3_LONG;Предрассудки и ненависть заправляют в державе $TAG_0_0$. В понедельник они перешли все границы. $TAG_0_0_ADJ$ министр иностранных дел ударил нашего посла во дворе нашего же посольства в державе $TAG_0_0$! Наш представитель так это прокомментировал: «Это еще одно доказательство варварства с их стороны, которых итак предостаточно. Дикари и хамы правят в державе $TAG_0_0$, и чем скорее мы избавимся от них, тем лучше». Дипломатические отношения еще поддерживаются, но война неизбежна.;x
AI_FEARS_US_DESC3_MEDIUM;Предрассудки и ненависть властвуют в державе $TAG_0_0$. В понедельник $TAG_0_0_ADJ$ министр иностранных дел ударил нашего посла. Наш министр ответил, что «дикари и хамы правят в державе $TAG_0_0$, и чем раньше они исчезнут, тем лучше».;x
AI_FEARS_US_DESC3_SHORT;В понедельник $TAG_0_0_ADJ$ министр иностранных дел ударил нашего посла. Дикари и хамы правят державой $TAG_0_0$, и чем раньше мы уничтожим их, тем лучше.;x
AI_FEARS_OTHER_TITLE1;Опасения державы $TAG_0_0$;x
AI_FEARS_OTHER_DESC1_LONG;Недавняя статья в $TAG_0_0_ADJ$ газете поразила их нацию! Анализ ухудшающихся отношений с державой $TAG_0_1$ и сравнение военного потенциала двух держав привели редактора к мысли о возможности скорой войны, и если это произойдет, то существование державы $TAG_0_0$ окажется под угрозой. Элита и простой народ державы $TAG_0_0$ требуют от правительства заключить выгодный союз для противостояния угрозе со стороны державы $TAG_0_1_ADJ$.;x
AI_FEARS_OTHER_DESC1_MEDIUM;Недавняя статья $TAG_0_0_ADJ$ газеты поразила их нацию! Анализ ухудшающихся отношений с державой $TAG_0_1$ привели редактора к мысли о возможности скорой войны между этими державами, если не будут достигнуты необходимые договоренности.;x
AI_FEARS_OTHER_DESC1_SHORT;Недавняя статья $TAG_0_0_ADJ$ газеты поразила их нацию! Анализ ухудшающихся отношений с державой $TAG_0_1$ привели редактора к мысли о возможности скорой войны между этими державами.;x
AI_FEARS_OTHER_TITLE2;$TAG_0_0_ADJ$ опасения;x
AI_FEARS_OTHER_DESC2_LONG;По нашим сведениям в $TAG_0_0_ADJ$ правительстве, все больше распространяются глубокий страх и отчаяние. Многие предрекают, что их конфликт с державой $TAG_0_1$ вызовет полномасштабное военное столкновение, которое держава $TAG_0_0$ вполне может проиграть. По слухам, они всерьез рассматривают возможность военного конфликта и уже начали к нему подготовку. Страх распространяется и на население страны, которое ожидает разгромного поражения.;x
AI_FEARS_OTHER_DESC2_MEDIUM;Настроения среди $TAG_0_0_ADJ$ официальных лиц можно описать одним словом - страх. Это связано с действиями державы $TAG_0_1$. Они стараются быть как можно более осторожными, так как война скорее всего приведет к поражению державы $TAG_0_0$.;x
AI_FEARS_OTHER_DESC2_SHORT;По сообщениям местной прессы, кажется что $TAG_0_0_ADJ$ население и правительство опасаются военной мощи державы $TAG_0_1$. Подробнее на стр. 4.;x
AI_LOVES_US_TITLE1;$TAG_0_0$: Наш лучший друг;x
AI_LOVES_US_DESC1_LONG;«Есть ли у вас среди $TAG_0_0_ADJ$ граждан лучшие друзья? Возможно. Вроде бы все идет к тому, что наши страны не будут сражаться, а будут дружить! Многие дипломаты и послы в столице высказались в поддержку союза наших великих народов. Неудивительно, что мы решили поддержать друг друга, когда все вокруг грызутся как собаки, друзья познаются в беде!» - заявил наш дипломат в интервью.;x
AI_LOVES_US_DESC1_MEDIUM;$TAG_0_0_ADJ$ дипломаты прибыли в столицу, чтобы поддержать союз между нашими державами. Отношения между странами превосходные и теперь мы будем оказывать друг другу военную поддержку.;x
AI_LOVES_US_DESC1_SHORT;Отношения между нами и $TAG_0_0_ADJ$ правительством высоки как никогда. Политики считают нас потенциальными союзниками в мире и войне.;x
AI_LOVES_US_TITLE2;Держава $TAG_0_0$ вместе с нами!;x
AI_LOVES_US_DESC2_LONG;Статья в $TAG_0_0_ADJ$ газете обрисовывает замечательные отношения между нашими странами. Многочисленные примеры мирного сотрудничества, основанного на добре и дружбе, показывают наши страны как друзей и братьев. Используя такие слова как «заслуживают доверия», «надежные» и «стойкие» для описания отношений, газета призывает правительство державы $TAG_0_0$ продолжать сотрудничество для достижения общих интересов и целей, а также укреплять взаимные гарантии и договоры.;x
AI_LOVES_US_DESC2_MEDIUM;Статья в $TAG_0_0_ADJ$ газете обрисовывает замечательные отношения между нашими странами. Многочиссленные примеры мирного сотрудничества, основанного на добре и дружбе, показывают наши страны как друзей и братьев.;x
AI_LOVES_US_DESC2_SHORT;Статья в $TAG_0_0_ADJ$ газете обрисовывает замечательные отношения между нашими странами. Редактор призывает своё правительство продолжать тот же курс.;x
AI_LOVES_US_TITLE3;Держава $TAG_0_0$ знает своё место!;x
AI_LOVES_US_DESC3_LONG;Правительство и народ державы $TAG_0_0$ продолжают слепо восхищаться всем $OURCOUNTRY_ADJ$. Наше явное превосходство в политической, военной и культурной сферах с легкостью признано этими недотепами. $TAG_0_0_ADJ$ министр иностранных дел явился к нам с позорной попыткой втереться в доверие к нашей власти, он сказал: «Мы приветствуем ваше мудрое покровительство, и надеемся на длительное сотрудничество наших стран, которое обязательно приведет к взаимной выгоде». Что за этим последует, мы узнаем позже.;x
AI_LOVES_US_DESC3_MEDIUM;Правительство и народ державы $TAG_0_0$ продолжают слепо восхищаться всем $OURCOUNTRY_ADJ$. Наше явное превосходство в политической, военной и культурной сферах с легкостью признано этими недотепами.;x
AI_LOVES_US_DESC3_SHORT;Правительство и народ продолжают восхищаться $OURCOUNTRY$. Они охотно признали наше очевидное превосходство во всех сферах.;x
AI_LOVES_OTHER_TITLE1;$TAG_0_0_ADJ$ отношения;x
AI_LOVES_OTHER_DESC1_LONG;Статья в $TAG_0_0_ADJ$ газете рисует картину добродушных отношений с державой $TAG_0_1 $. Основываясь на многочисленных примерах мирного сотрудничества, основанного на доверии и дружбе, редактор газеты призвал обе нации оставаться друзьями и братьями. Используя такие слова, как «надежные», «непоколебимые» и «прочные», $TAG_0_0_ADJ$ газета призвала свое правительство продолжать равняться на политику державы $TAG_0_1$ для реализации общих интересов и укрепления взаимного доверия.;x
AI_LOVES_OTHER_DESC1_MEDIUM;Статья в $TAG_0_0_ADJ$ газете рисует картину добродушных отношений с державой $TAG_0_1$. Основываясь на многочисленных примерах мирного сотрудничества, основанного на доверии и дружбе, редактор газеты призвал обе нации оставаться друзьями и братьями.;x
AI_LOVES_OTHER_DESC1_SHORT;Статья в $TAG_0_0_ADJ$ газете рисует картину прекрасных отношений с державой $TAG_0_1$. Редактор газеты призвал к необходимости поддерживать союз с державой $TAG_0_1$.;x
AI_LOVES_OTHER_TITLE2;$TAG_0_0_ADJ$-$TAG_0_1_ADJ$ взаимоотношения;x
AI_LOVES_OTHER_DESC2_LONG;«Не смотря на то, что история порой приводила наши страны к разногласиям, сейчас всем ясно, что сама судьба решила свести нас вместе!» - сказал вчера представитель $TAG_0_0_ADJ$ правительства, ссылаясь на недавние меры по укреплению сотрудничества с державой $TAG_0_1$. Упразднение некоторых таможенных пошлин между обеими странами в прошлом году и частые визиты послов державы $TAG_0_0$, по всей видимости, демонстрируют, что гарантия дружбы и сотрудничества посредством военного союза действительно возможна.;x
AI_LOVES_OTHER_DESC2_MEDIUM;Улыбающиеся $TAG_0_0_ADJ$ дипломаты были замечены вчера на саммите в $TAG_0_1_ADJ$ столице. «$TAG_0_1$ является нашим естественным союзником», упомянул один $TAG_0_0_ADJ$ официальный представитель. Политические аналитики предсказывают, что в ближайшее время может быть подписан пакт о союзе между этими странами.;x
AI_LOVES_OTHER_DESC2_SHORT;«К процветанию в будущем вместе с $TAG_0_1_ADJ$ братьями!» - новый лозунг $TAG_0_0_ADJ$ правящей партии. Многие говорят, что это признак будущего военного союза.;x
OTHER_NEW_GP_TITLE1;Расцвет державы $TAG_0_1$;x
OTHER_NEW_GP_DESC_LONG1;Следом за упадком державы $TAG_0_0$, $TAG_0_1$ получает более высокое положение среди народов мира и поднимается на позицию одной из великих держав. За последние месяцы открылось множество доказательств бедственного положения $TAG_0_0_ADJ$ экономики, слабости их военных сил и постоянного падения международного престижа державы $TAG_0_0$ , так как их союзники не cмогли рассчитывать на $TAG_0_0_ADJ$ помощь а правительство стало предметом иностранных заговоров. Их падение из рядов ведущих мировых держав приходит на пользу стране $TAG_0_1$, увеличив ее престиж в глазах других стран, доказав, что природа не терпит пустоты.;x
OTHER_NEW_GP_DESC_MEDIUM1;Следом за упадком державы $TAG_0_0$, $TAG_0_1$ получает более высокое положение среди народов мира и поднимается на позицию одной из великих держав, увеличив свой престиж в глазах других стран, доказав, что природа не терпит пустоты.;x
OTHER_NEW_GP_DESC_SHORT1;Следом за упадком державы $TAG_0_0$, $TAG_0_1$ получает более высокое положение среди народов мира и поднимается на позицию одной из великих держав.;x
WE_BECOME_GP_TITLE1;Мы извлекаем выгоду из упадка державы $TAG_0_0$.;x
WE_BECOME_GP_DESC_LONG1;Следом за упадком державы $TAG_0_0$, мы занимаем законное положение среди народов мира, поднявшись на позицию одной из великих держав. За последние месяцы открылось множество доказательств бедственного положения $TAG_0_0_ADJ$ экономики, слабости их военных сил и постоянного падения международного престижа державы $TAG_0_0$ , так как их союзники не смогли рассчитывать на $TAG_0_0_ADJ$ помощь, а правительство стало предметом иностранных заговоров. Их падение из рядов ведущих мировых держав стало подарком для нас, теперь наше международное политическое и военное влияние заменит - их, доказав, что природа не терпит пустоты.;x
WE_BECOME_GP_DESC_MEDIUM1;Следом за упадком державы $TAG_0_0$, мы занимаем законное положение среди народов мира, поднявшись на позицию одной из великих держав. Их падение из рядов ведущих мировых держав стало подарком для нас, теперь наше международное политическое и военное влияние заменит - их.;x
WE_BECOME_GP_DESC_SHORT1;Следом за упадком державы $TAG_0_0$, мы занимаем законное положение среди народов мира, поднявшись на позицию одной из великих держав.;x
WE_LOSE_GP_TITLE1;$TAG_0_1$ получает выгоду от нашего падения;x
WE_LOSE_GP_DESC_LONG1;Следом за упадком нашей державы, $TAG_0_1$ получает более высокое положение среди народов мира и поднимается на позицию одной из великих держав. За последние месяцы открылось множество доказательств бедственного положения нашей экономики, слабости военных сил и постоянное падение нашего международного престижа, так как наши союзники не могли на нас рассчитывать, а правительство стало предметом иностранных заговоров. Наше падение из рядов ведущих мировых держав приходит на пользу стране $TAG_0_1$, увеличивая ее престиж в глазах других стран, доказав, что природа не терпит пустоты.;x
WE_LOSE_GP_DESC_MEDIUM1;Следом за упадком нашей державы, $TAG_0_1$ получает более высокое положение среди народов мира и поднимается на позицию одной из великих держав, увеличивая свой престиж в глазах других стран, доказав, что природа не терпит пустоты.;x
WE_LOSE_GP_DESC_SHORT1;Следом за упадком нашей державы, $TAG_0_1$ получает более высокое положение среди народов мира и поднимается на позицию одной из великих держав.;x
CRISIS_START_TITLE1;Развитие кризиса!;x
CRISIS_START_DESC_LONG1;Так как великие мировые державы, зашли в тупик в жестокой борьбе, вызванной разгоревшимся мировым кризисом, никто сейчас не может сказать остается ли еще какая-нибудь надежда, на то, что вопрос будет решен мирным путем. Дипломатическое урегулирование конфликта по-прежнему возможно, но время быстро уходит, а участники конфликта сами задерживают его разрешение, «рисуя линии на песке» и «играя мышцами». Если они и дальше будут проводить политику, направленную истощение и принуждение противоборствующей стороны, с целью уменьшить или совсем избежать уступок, то, по всей видимости, вскоре они окажутся в состоянии ужасной войны.;x
CRISIS_START_DESC_MEDIUM1;Великие мировые державы зашли в тупик в борьбе за власть. Дипломатическое урегулирование конфликта по-прежнему возможно, но время быстро уходит, а участники конфликта сами задерживают его разрешение, «рисуя линии на песке» и «играя своими мышцами».;x
CRISIS_START_DESC_SHORT1;Великие мировые державы зашли в тупик в борьбе за власть. Дипломатическое урегулирование вопроса по-прежнему возможно, но время быстро уходит.;x
CRISIS_END_TITLE1;КРИЗИС ПРЕДОТВРАЩЕН!;x
CRISIS_END_DESC_LONG1;«Мы подарили мир нашему поколению», - объявили великие державы после саммита, на котором было обговорено дипломатическое решение конфликта, который без компромисса мог привести к большой войне. «Мы заявляем, что наши народы не хотят воевать друг с другом», - таково было слово конкурирующих сторон. Но внимательные наблюдатели отмечают, что одна из стран все же воспринимается как победитель, другая же вынуждена жить с горьким послевкусием уступок и потери положения, это угрожает долговечности подписанного соглашения.;x
CRISIS_END_DESC_MEDIUM1;«Мы подарили мир нашему поколению», - объявили великие державы после саммита, на котором было обговорено дипломатическое решение конфликта, который без компромисса мог привести к большой войне.;x
CRISIS_END_DESC_SHORT1;«Мы подарили мир нашему поколению», - объявили великие державы после саммита, на котором было обговорено дипломатическое решение конфликта, который мог привести к войне.;x
RESEARCH_NEWS_TITLE_LARGE2;Крупное достижение в $TAG_0_0$!;x
RESEARCH_NEWS_LARGE2;$TAG_0_0_ADJ$ ученые вчера объявили, что после месяцев целенаправленных исследований новое открытие в области $STRING_0_1$ было сделано. Ожидается, что предприниматели и правительство $TAG_0_0$ в ближайшем времени приступят к применению на практике в интересах государства недавно приобретенных знаний.;x
RESEARCH_NEWS_TITLE_MEDIUM2;Крупное достижение в $TAG_0_0$!;x
RESEARCH_NEWS_MEDIUM2;$TAG_0_0_ADJ$ ученые объявили о прорыве в области $STRING_0_1$. Полученные знания будут применены на практике в самом ближайшем времени- сообщил один из исследователей.;x
RESEARCH_NEWS_TITLE_SMALL2;Крупное достижение в $TAG_0_0$!;x
RESEARCH_NEWS_SMALL2;$TAG_0_0_ADJ$ ученые объявили о прорыве в области $STRING_0_1$.;x
COMMUNIST_REVOLUTION_NEWS_TITLE_LARGE_COMMUNIST;КОММУНИЗМ ВОСТОРЖЕСТВОВАЛ В $TAG_0_0_UPPER$!;x
COMMUNIST_REVOLUTION_NEWS_LARGE_COMMUNIST;Пролетарии всех стран - соединяйтесь! После столь победоносной революции наш боевой лозунг пришелся как нельзя кстати. Гнилой капитализм не может стать преградой для чаяний рабочего класса о светлом будущем. Мы получили радостную весть от наших товарищей из $TAG_0_0$, которые восстали против жуликов и воров, эксплуатировавших и унижавших простой народ. Они свергли правительство и вернули власть в руки рабочих и крестьян, представленных в лице народного комитета $STRING_0_0$!;x
COMMUNIST_REVOLUTION_NEWS_TITLE_MEDIUM_COMMUNIST;КОММУНИЗМ В_0_0_UPPER$!;x
COMMUNIST_REVOLUTION_NEWS_MEDIUM_COMMUNIST;Пролетарии всех стран - соединяйтесь! Этот боевой клич слышан повсюду в $TAG_0_0$, где наши братья-коммунисты одержали победу свергнув правительство и установив власть единственной народной партии: $STRING_0_0$!;x
COMMUNIST_REVOLUTION_NEWS_TITLE_SMALL_COMMUNIST;РЕВОЛЮЦИЯ!;x
COMMUNIST_REVOLUTION_NEWS_SMALL_COMMUNIST;Пролетарии всех стран - соединяйтесь! Боевой лозунг слышан повсюду в $TAG_0_0$, где наши собратья свергли гнилых капиталистических свиней!;x
battle_we_lose_large_censored_press;Сообщения с поля боя свидетельствуют о том, что $DATE_LONG_0$ наши доблестные войска вынуждены были сделать тактическое отступление после сражения с $TAG_0_3$ в $STRING_0_3$. Это была оправданная необходимость для того, чтобы максимизировать элемент неожиданности и непредсказуемости в наших действиях. $VALUE_INT_0_4$ врагов было сражено нашими защитниками отечества. К тому же $VALUE_INT_0_2$ наших солдат возвращаются в строй, стоит заметить, что дислокация наших сил не известна противнику и мы готовы нанести ему сокрушающий удар, проявив истинное мужество и стойкость!;x
battle_we_lose_medium_censored_press;$DATE_LONG_0$, было осуществлено тактическое отступление с поля битвы против $TAG_0_3$, с целью расстроить планы противника столь неожиданным ходомi! $VALUE_INT_0_2$ наших защитников скрыто в засаде, в то время как $VALUE_INT_0_4$ солдат противника убито!;x
battle_we_lose_small_censored_press;$DATE_LONG_0$, тактическое отступление было осуществлено с поле боя против $TAG_0_3$. Тем временем $VALUE_INT_0_2$ наших сил скрыто дислоцировано от противника с целью нанесения внезапного удара!;x
battle_we_lose_censored_title_large;Продвижение врага остановелено в $STRING_0_3$!;x
battle_we_lose_censored_large;«Несмотря на превосходство сорок к одному на некоторых участках фронта, наши войска удерживают линию обороны», - отметил главнокомандующий, оценив стойкость солдат сдерживавших противника в $STRING_0_3$ так долго, как это представлялось стратегически возможным, и нанесшим врагам безвозвратные потери в количестве $VALUE_INT_0_2$. «Мы не готовы озвучить число жертв с нашей стороны», - отметили в пресс-службе правительства, когда встал вопрос о потерях. «Народ должен сплотиться и поддержать правительство, когда речь заходит о вопросах обороны государства», - отметил пресс-секретарь, оспорив мнение скептиков.;x
battle_we_lose_censored_title_medium;Враг остановлен в $STRING_0_3$;x
battle_we_lose_censored_medium;Нашим доблестным солдатам удалось замедлить продвижение противника на нашей территории в сражении с численно превосходящим врагом от $TAG_0_2$. «Если мы будем проигрывать каждое сражение в такой манере, мы выиграем войну», - отметил один из высокопоставленных офицерских чинов.;x
battle_we_lose_censored_title_small;Волевая победа в $STRING_0_3$;x
battle_we_lose_censored_small;$DATE_LONG_0$ мы успешно эвакуировали нашу армию после сражения в $STRING_0_3$, уничтожив $VALUE_INT_0_2$ солдат противника, но оставив поле боя под контролем $TAG_0_2$.;x
war_we_lose_censored_large_title;НАШИ ПАРНИ ВОЗВРАЩАЮТСЯ ДОМОЙ.\nМИР С $STAG_2_0_UPPER$ ПОДПИСАН!;x
war_we_lose_censored_large_desc; $DATE_LONG_1$ наше правительство приняло решение капитулировать в войне с $TAG_2_0$. Противостояние, именуемое как $STRING_0_0$, перешло в горячую фазу $DATE_SHORT_0$ и велось по причине $STRING_9_0$,разрешилось же следующим образом $STRINGS_LIST_4$. «Мы не щадили самих себя и можем гордится нашими солдатами, доказавшими, что мы не мальчики для битья, - заметили правительственные чиновники. - Но в конце концов, дальше проливать кровь наших соотечественников было просто бессмысленно». Все граждане могут радоваться вести о том, что наши мужественные защитники возвращаются домой, хотя никаких официальных торжеств на данный момент не запланировано.;x
war_we_lose_censored_medium_title;МИР С $TAG_2_0_UPPER$!;x
war_we_lose_censored_medium_desc;On $DATE_LONG_1$ наше правительство решило капитулировать в войне с $TAG_2_0$. Противостояние, известное как $STRING_0_0$, берет начало $DATE_SHORT_0$ и велось по причине $STRING_9_0$, в результате $STRINGS_LIST_4$.;x
war_we_lose_censored_small_title;Мирное соглашение с $TAG_2_0$;x
war_we_lose_censored_small_desc;$STRING_0_0$ закончилась нашей капитуляцией перед неожиданным победителем $TAG_2_0$.;x
CRISIS_START_TITLE2;Напряженность возрастает!;x
CRISIS_START_DESC_LONG2;После месяцев все возрастающего давления, напряжение в державе $STRING_0_0$ достигло точки невозврата и обернулось международным кризисом. Мирное решение может быть выходом из дальнейшей эскалиции конфликта, однако не всем это выгодно. Бурная дипломатическая активность символизирует активную борьбу за влияние между Великими Державами. Если в ближайшее время мирная резолюция не будет подписана, кризис в державе $STRING_0_0$ имеет шансы перерасти в крупномасштабное вооруженное столкновение.;x
CRISIS_START_DESC_MEDIUM2;Великие Державы соперничают за влияние в $STRING_0_0$, и напряженность стремительно возрастает. Мирное решение может быть выходом из дальнейшей эскалиции конфликта, однако пока неизвестно возможно ли избежать вооруженного столкновения вообще.;x
CRISIS_START_DESC_SHORT2;Напряжение в $STRING_0_0$ переросло в масштабный кризис в то время как Великие Державы соперничают за влияние в регионе. Серьезная дипломатическая активность ведется с целью предотвратить вооруженное столкновение.;x
CRISIS_END_TITLE2;Напряженность пошла на спад;x
CRISIS_END_DESC_LONG2;Можно облегченно вздохнуть после новости о мирном разрешении исключительно дипломатическими методами конфронтации в $STRING_0_0$. <CrisisWinner++++++> увеличил свое влияние благодаря поддержке прочих Великих Держав. Международная конференция свела кризис на нет после стадии недельных дипломатических переговоров. Возможность войны была пресечена, однако довольны отнюдь не все, и по-прежнему остается шанс того, что кто-либо бросит вызов <CrisisWinner++++++> в будущем.;x
CRISIS_END_DESC_MEDIUM2;Международный кризис в $STRING_0_0$ был мирно урегулирован на дипломатической конференции Великих Держав. <CrisisWinner++++++> повысил свое влияние без использования грубой силы. Будущее покажет будет ли этот мир крепок.;x
CRISIS_END_DESC_SHORT2;Война была предотвращена, так как кризис в $STRING_0_0$ был разрешен на конференции Ведиких Держав. <CrisisWinner++++++> благополучно увеличил свое влияние.;x
OTHER_NEW_GP_DESC_LONG2;$TAG_0_1$ стремительно увеличивает свой статус уже последние несколько лет и теперь может считаться Великой Державой. $TAG_0_1_ADJ$ репутация, подпитанная международным признанием, значительно окрепла и можно ожидать, что $TAG_0_1$ будет активно распространять свое влияние. $TAG_0_0$ потеряла лицо и переместилась в число колониальных держав. Потеря статуса будет ощущаться довольно остро, и влияние в мире ожидаемо снизится.;x
OTHER_NEW_GP_DESC_MEDIUM2;$TAG_0_1$ приобрела статус Великой Державы в глазах мирового сообщества. Государство крепнет на глазах, однако не всеми это воспринимается положительно. $TAG_0_0$ теперь считается колониальной державой, к своему неудовольствию.;x
OTHER_NEW_GP_DESC_SHORT2;Государство $TAG_0_1$ заняло место $TAG_0_0$ в качестве Великой Державы в глазах мирового сообщества, повысив свой статус и влияние в мире.;x
AI_LOVES_US_TITLE4;Теплые отношения;x
AI_LOVES_US_DESC4_LONG;Наш корреспондент узнал из анонимных источников в МИДе, что несколько недель назад руководитель $TAG_0_0$ выступил с объемной речью, в которой сыпал комплиментами в адрес нашей нации и ее достижениям. Хочется верить, что данный спич - это искренняя попытка $TAG_0_0$ сблизиться с нашей державой, и мы обязаны проявить ответную инициативу в адрес любезных $TAG_0_1_ADJ$ жителей. Нам лестны эти попытки к сближению, и мы надеемся что это приведет к продолжительному сотрудничеству между нашими государствами.;x
AI_LOVES_US_DESC4_MEDIUM;После крайне продуктивной встречи с послом на прошлой неделе, представитель $TAG_0_0_ADJ$ народа, выступил с речью в МИДе, в которой дал высокую оценку нашей нации в целом и правительству за работу, результатом которой стал возможен диалог и сотрудничество между нашими государствами.;x
AI_LOVES_US_DESC4_SHORT;«Наступила новая эра, эра дружбы между нашими государствами», - такими словами посол $TAG_0_0_ADJ$ поприветствовал собравшихся журналистов подведя итоги переговоров в столице.;x
RESEARCH_NEWS_TITLE_LARGE2;Открытие в $TAG_0_0$!;x
RESEARCH_NEWS_LARGE2;$TAG_0_0_ADJ$ ученые вчера объявили, что после месяцев исследований, было совершено новое открытие в области $STRING_0_1$. Ожидается, что в ближайшее время крупнейшие предприниматели и правительство $TAG_0_0$ приступят к применению данных знаний на практике, повсеместно повышая качество продукции.;x
RESEARCH_NEWS_TITLE_MEDIUM2;Открытие в $TAG_0_0$!;x
RESEARCH_NEWS_MEDIUM2;$TAG_0_0_ADJ$ ученые объявили об открытии в области $STRING_0_1$. Полученные знания вскоре принесут пользу на приктике, заметил один из исследователей.;x
RESEARCH_NEWS_TITLE_SMALL2;Открытие в $TAG_0_0$!;x
RESEARCH_NEWS_SMALL2;$TAG_0_0_ADJ$ ученые заявили о прогрессе в области $STRING_0_1$.;x
INVENTION_NEWS_TITLE_LARGE2;Новое изобретение!;x
INVENTION_NEWS_LARGE2;Новости Науки: были запатентованы очередные улучшения и инновации в области $STRING_0_1$ исследователями из державы $TAG_0_0$. Полная документация данных изобретений пока держится в секрете, но в скором времени ожидается ее имплементация в существующие хозяйственные связи во многих странах, что послужит подспорьем мировому прогрессу в перспективе.;x
INVENTION_NEWS_TITLE_MEDIUM2;Новое изобретение!;x
INVENTION_NEWS_MEDIUM2;Усовершенствования и нововведения в области $STRING_0_1$ были официально задокументорованы в Государственном Патентном Бюро державы $TAG_0_0$.;x
INVENTION_NEWS_TITLE_SMALL2;Новое изобретение!;x
INVENTION_NEWS_SMALL2;Очередные открытия в области $STRING_0_1$ были совершены в державе $TAG_0_0$.;x 
EDITORIAL_ABSMON;От редакции: почему ненавидеть анти-монархистов в порядке вещей? Само Провидение этого требует! Почему эти маргиналы предпочли бы видеть сельскую чернь в правительстве (смотри стр. 10).;x
EDITORIAL_PRUCON;От редакции: почему ненавидеть реформаторов всех мастей правильно? Того требует естественный порядок вещей! Почему эти либеральные мыслители и космополиты превратят наше государство в бордель (смотри стр. 10).;x
EDITORIAL_CONMON;От редакции: почему ненавидеть республиканцев это нормально? Того требует стабильность! Почему, без улыбчивой марионетки, интриги и репрессии уничтожат нас всех (смотри стр. 10).;x
EDITORIAL_DEMOCRACY;От редакции: почему так разумна ненависть к революционерам всех мастей? Потому что их нельзя подкупить! Почему люди с таким рвением и преданностью идеям не проявляют никакого уважения к верховенству закона (смотри стр. 10).;x
EDITORIAL_PRESDICT;От редакции:почему ненавидеть вредителей - хорошо? Президент этого требует! Почему только вчера была осквернена вандалами мраморная статуями Его Превосходительства в столице (смотри стр. 10).;x
EDITORIAL_BOURDICT;От редакции: почему ненавидеть бедных в порядке вещей? Разумный эгоизм того требует! Почему эти паразитирующие жители трущоб выбрали жизнь в бедности. Проявляете к ним милосердие на свой страх и риск (смотри стр. 10);x
EDITORIAL_PROLDICT;От редакции: почему ненавидеть тунеядцев к лучшему? Такова воля партии! Почему даже самый нищий деревенский пекарь эксплуататор? Искоренение богатых освободит всех нас (смотри стр. 10).;x
EDITORIAL_FASCDICT;От редакции: почему ненавидеть тунеядцев к лучшему? Такова воля партии! Почему даже самый нищий деревенский пекарь эксплуататор? Искоренение богатых освободит всех нас (смотри стр. 10).;x
FAKE_UNKNOWN;Многообещающий молодой писатель Эллис Белл изложил новаторский взгляд на сущность любви, затерянной посреди вересковых пустошей Йоркшира, в своем романе «Грозовой Перевал». Мы с нетерпением ожидаем большего от юного дарования.;x
FAKE_UNKNOWN;Литературная сенсация! Автор «Грозового Перевала» Эллис Белл на самом деле оказался женщиной по имени Эмили Бронте! Популярность романа все растет, ведь каждая женщина в Лондоне втайне воздыхает по Хитклиффу.;x
FAKE_UNKNOWN;Ричард Френсис Бертон, переводчик «Тысячи и Одной Ночи» и «Камасутры» совершил хадж в Мекку. Эксклюзивный отчет читайте на стр. 10.;x
FAKE_UNKNOWN;Актриса Вирджиния Рапп была найдена мертвой в отеле Толстяка Арбакла в Нью-Йорке. Пришла пора остановить парней из Голливуда и их дегенератские фильмы, иначе моральные ценности нашей нации будут подорваны.;x
FAKE_UNKNOWN;Произведение Джорджа Гершвина «Рапсодия в стиле блюз» сочетает в себе признаки классического и джазового стилей, которые вместе создают утонченный-но-игривый мост, соединяющий старые и новые звуки, подобающие новой эпохе.;x
FAKE_UNKNOWN;Ф. Скотт и Зельда Фицджеральд покидают Нью-Йорк в поисках более светлого будущего в сообществе эмигрантов в Париже. Такое чувство, что все талантливые американцы заканчивают свою карьеру в Париже.;x
FAKE_UNKNOWN;Еще одно последствие Вольстедского акта о введение Сухого Закона — американцы создают коктейли с целью сделать контрабандный алкоголь вкуснее.;x
FAKE_Cthulhu;Пх’нглуи мглв’нафх Ктулху Р’льех вгах’нагл фхтагн;x
some_fake_1836_title_12;Сакура;x
some_fake_1836_12;Японское правительство решило, что новым национальным цветом станет цвет сакуры, поскольку она лучше всего отражает характер этой славной страны. Называть его «розовым» запрещено.;x 
some_fake_1836_title_13;Хорошая река;x
some_fake_1836_13;Группа американских экспертов в картографии создала наиболее точную карту течения "хорошей" реки Огайо, которая будет позже включена в состав локальных и интернациональных карт. На очереди другие реки.;x
some_fake_1836_title_14;Ян Майен;x
some_fake_1836_14;Все больше мигрантов прибывает на бесплодный остров Ян Майен в Северном Ледовитом океане. «Мы устали от шума», — сказал один из первопроходцев.;x 
some_fake_1880_title_8;Закон о лунатиках;x
some_fake_1880_8;Недавно был принят закон, по которому владельцы кораблей должны платить штраф за перевоз людей, признанных лунатиками, идиотами или виновными в преступлении.;x 
some_fake_1890_title_8;55 счастливчиков;x
some_fake_1890_8;54 победителя государственной лотерии разделили между собой небольшое количество призовых денег. «Я не могу найти свой билет!» — жалуется несчастный 55 победитель.;x 
some_fake_1910_title_11;Мистификация на Дредноуте;x
some_fake_1910_11;Группа молодых аристократов, замаскированная с помощью тюрбанов и черного грима под Абиссинскую королевскую семью, проложила себе путь к кораблю Королевского военно-морского флота и попала на приватную экскурсию по судну.;x 
some_fake_1910_title_12;Радио убивает культуру?;x
some_fake_1910_12;Радио появилось совсем недавно, но уже появляются слухи о том, что оно положит конец культуре и всему обществу в целом. Защитники радио говорят, что по нему будут транслироваться только интеллектуальные программы, дающие пищу для размышления.;x 
some_fake_1910_title_13;Восстание чибата;x
some_fake_1910_13;Чернокожие матросы бразильского флота взбунтовались против белых офицеров. Они угрожали сжечь Рио-де-Жанейро, если расовая дискриминация и физические наказания не будут отменены.;x 
some_fake_1920_title_13;Партия за реформирование мужского костюма;x
some_fake_1920_13;Новое движение призывает мужчин одеваться более красиво и гигиенично. Большая часть членов партии хочет носить шорты, некоторые выступают за килт, почти все против штанов. ПРМК также выступает против ношения шляп.;x
dino_fake_1830_title_1;Орнитология;x
dino_fake_1830_1;Профессор Хитчхок обнаружил останки ископаемых птиц около реки Коннектикут в Массачусетсе. Некоторые следы указывают на то, что они были оставлены каким-то гигантским видом птиц.;x
dino_fake_1830_title_2;Платеозавр;x
dino_fake_1830_2; В честь доктора Энгельхарда, первого человека, обнаружившего останки, доктор фон Мейер назвал новую гигантскую ящерицу Plateosaurus engelhardti. Похоже, она родственна Игуанодонтам и Мегалозаврам.;x
dino_fake_1830_title_3;Текодонтозавр;x
dino_fake_1830_3;У этого удивительного ящера зубы находятся в гнездах, а не прикреплены к челюсти как у современных рептилий, говорят докторы Рили и Статчбари, обнаружившие ящерицу.;x
dino_fake_1830_title_4;Поэкилоплерон;x
dino_fake_1830_4;Доктор Эд Делонгшамп обнаружил нового ящера, у которого есть ребра, шея и конечности. Он считает, что животное родственно мегалозаврам.;x
dino_fake_1840_title_1;Динозавры;x
dino_fake_1840_1;Динозавры — название, которое профессор Оуэн предложил для новой трибы ископаемых ящеров, которая включает в себя Мегалозавров и Игуанодонтов. Они известны своим большим размером.;x
dino_fake_1840_title_2;Цетиозавры;x
dino_fake_1840_2;Была обнаружена новая морская рептилия. Профессор Оуэн назвал ее Цетиозавр, что означает 'Китовая ящерица'.;x
dino_fake_1840_title_3;Кардиодонт;x
dino_fake_1840_3;В английском графстве Уилтшир был обнаружен зуб в форме сердца. После его анализа профессор Оуэн решил дать ей имя Кардиодонт.;x
dino_fake_1840_title_4;Регнозавр;x
dino_fake_1840_4;После нахождения нескольких челюстей Игуанодонта, доктор Мантелл обнаружил свою ошибку в приписывании челюстей этому животному, и теперь он считает, что челюсти принадлежат другому виду.;x
dino_fake_1840_title_5;Динозавры?;x
dino_fake_1840_5;Биолог Ричард Оуэн создает первую скульптуру вымерших гигантских рептилий в натуральную величину, останки которых были найдены в Южной Африке и Новой Зеландии. Он называет их динозаврами.;x
dino_fake_1850_title_1;Динозавры в Америке;x
dino_fake_1850_1;Доктор Лейди обнаружил двух новых динозавров в Америке, которых он назвал Траходонт и Дейнодонт. Были также найдены и другие неизвестные ранее виды, названные Палеоскинкус и Троодон.;x
dino_fake_1850_title_2;Гадрозавр;x
dino_fake_1850_2;Похоже, этот новый динозавр близок к Игуанодонтам. Доктор Лейди считает, что это животное передвигалось в вертикальном положении на двух ногах.;x
dino_fake_1860_title_1;Компсогнат;x
dino_fake_1860_1;Был обнаружен новый вид динозавров, названный Компсогнатом. Доктор Вагнер утверждает, что эта ящерица является родственником птиц, но это еще не доказано.;x
dino_fake_1860_title_2;Археоптерикс;x
dino_fake_1860_2;Было обнаружено хорошо сохранившееся перо, и доктор фон Мейер назвал его Археоптерикс, что означает 'Древнее перо' или 'Древнее крыло'.;x
dino_fake_1860_title_3;Johnstoni, Astrodon Johnstoni!;x
dino_fake_1860_3;После того, как доктор Джонстон обнаружил несколько зубов ископаемых рептилий, названных им Астродонтами, доктор Лейди дополняет название, добавляя в его честь специфический эпитет.;x
dino_fake_1860_title_4;Дриптозавр;x
dino_fake_1860_4;Профессор Коп объявляет об открытии ужасных хищных гигантских динозавров, родственных Мегалозаврам и Динодонтам.;x
dino_fake_1860_title_5;Эласмозавр;x
dino_fake_1860_5;Э. Д. Коп обнаружил нового эналиозавра, родственного Плезиозаврам, но имеющего более длинный хвост.;x
dino_fake_1860_title_6;Археоптерикс;x
dino_fake_1860_6;В Баварии были найдены останки Археоптерикса. Его часто называют «Первой птицей» и «Потерянным звеном между динозаврами и птицами», и является доказательством, в котором Дарвин нуждался для обоснования своей теории.;x
dino_fake_1860_title_7;Гипселозавр;x
dino_fake_1860_7;Господин Матерон докладывает о позвонках и фрагментах гигантских яиц водной ископаемой рептилии, найденной в Фюво и названной Гипселозавром.;x
dino_fake_1870_title_1;Война!;x
dino_fake_1870_1;После того, как доктор Марш публично объявил об ошибке доктора Копа, заключающейся в помещении головы Эласмозавра в его хвост, они стали заклятыми врагами, и началось жестокое научное соревнование.;x
dino_fake_1870_title_2;Больше информации о Археоптериксах.;x
dino_fake_1870_2;Новые останки примитивной птицы Архиоптерикса покахали такие шокирующие рептильные черты как когти и зубы. Эволюционисты извекли большую пользу из этих находок и называют их недостающим звеном.;x
dino_fake_1870_title_3;Безумство профессора Хаксли!;x
dino_fake_1870_3;Видные палеонтологи боятся за умственное состояние профессора Хаксли после его глупого заявления о том, что птицы и рептильные динозавры родственны!;x
dino_fake_1870_title_4;Стегозавры;x
dino_fake_1870_4;На Северо-Востоке Америки был обнаружен новый вид странных и огромных черепах. Профессор Марш назвал их Стегозаврами, что означает 'Крытая ящерица'.;x
dino_fake_1870_title_5;Птеранодон;x
dino_fake_1870_5;Открытие Г.Ч. Марша совершило прорыв. Эти воздушные существа, останки которых были найдены в Северной Америке, в отличие от других видов птерозавров вообще не имели зубов.;x
dino_fake_1870_title_6;Агатаум;x
dino_fake_1870_6;Похороненные в образовании угля останки животного, которого Э.Д. Коп описал как «Князь среди гигантов», похоже, являются останками самого крупного наземного животного, которого когда-либо знала Земля.;x
dino_fake_1870_title_7;Раскопки в котловине Бриджер;x
dino_fake_1870_7;Марш, Коп и Лейди перемещают раскопки в район котловины Бейзина в Вайоминге. Их лагеря находятся на расстоянии нескольких миль; три величайших палеонтологиста никогда не говорят друг с другом.;x
dino_fake_1870_title_8;Один голос против;x
dino_fake_1870_8;Профессор Марш ликует после его избрания в престижную Национальную Академию Наук. Профессор Коп является единственным членом Академии, который голосовал против.;x
dino_fake_1870_title_9;Гесперорнис;x
dino_fake_1870_9;Профессор Марш объявляет об обнаружении Гесперорниса;x
dino_fake_1870_title_10;Марш среди племени Сиу;x
dino_fake_1870_10;В самой смелой их экспедиции;x
dino_fake_1870_title_11;Нападение на стоянку Марша!;x
dino_fake_1870_11;Сообщалось о том, что О.Ч. Марш со своей группой чудом избежал столкновения с группой индейцев, напавших на его лагерь. Тем не менее, поспешное отступление исследователей не помешало обезопасить около двух тонн раскопанных костей.;x
dino_fake_1870_title_12;Множественные позвоночные;x
dino_fake_1870_12;Профессор Коп сообщает из района реки Сан-Хуан;x
dino_fake_1870_title_13;Комо Блафф;x
dino_fake_1870_13;О.Ч. Марш сообщает, что двое его агентов обнаружили при раскопках в долине Комо Блафф кости, которые по длине и толщине были словно бревна.;x
dino_fake_1880_title_1;Бронтозавр?;x
dino_fake_1880_1;Раскопано и собрано палеонтологом О.Ч. Маршем;x
dino_fake_1880_title_2;Лошадиная подделка?;x
dino_fake_1880_2;Э.Д. Коп обвиняет О.Ч. Марша в плагиате исследований Ковалевского в области генеалогии и эволюции лошади. Что в этом нового?;x
dino_fake_1880_title_3;Остроумный ответ Марша;x
dino_fake_1880_3;так это то, что Ковалевский по крайней мере сожалел о своей ошибке и завершил свою неудачную карьеру тем, что вышиб себе мозги. Коп же до сих пор живет без тени сожаления.x
dino_fake_1880_title_4;Библия Копа;x
dino_fake_1880_4;Профессор Э.Д. Коп публикует работы всей своей жизни: «Позвоночные запада в Третичный Период»;x
dino_fake_1880_title_5;«Маршиана» Копа;x
dino_fake_1880_5;Коп собирает обширное досье на Марша, в котором содержатся сведения о его научных ошибках и недопустимой практике. Эти данные он получает из бесед с его настоящими и бывшими сотрудниками.;x
dino_fake_1880_title_6;Игуанодонт;x
dino_fake_1880_6;Огромное количество таких динозавров было обнаружено при раскопках в деревушке Берниссар. Доктор Долло изучил их и пришел к мнению, что животное было двуногим.;x
dino_fake_1880_title_7;Классификация Динозавров;x
dino_fake_1880_7;После некоторых предыдущих классификаций;x
dino_fake_1880_title_8;Новое о Стегозавре;x
dino_fake_1880_8;После того, как было обнаружено больше материала о Стегозавре, профессор Марш полагает, что это животное на самом деле совершенно новый и необычный вид динозавров.;x
dino_fake_1880_title_9;Завроподы;x
dino_fake_1880_9;Этот новый вид динозавров значительно превосходит по размеру самое крупное когда-либо известное сухопутное животное - Атлантозавра.;x
dino_fake_1880_title_10;Цератопсы;x
dino_fake_1880_10;Профессор Марш обнаружил новый вид рогатых динозавров. Это животное свидетельствует о том, что разнообразие этих свирепых существ еще более широкое, чем было принято считать раньше.;x
dino_fake_1880_title_11;Аллозавр;x
dino_fake_1880_11;Этот большой плотоядный динозавр словно явился нам из кошмарного сна. Череп с большими зубами вселяет ужас.;x
dino_fake_1880_title_12;Цератозавр;x
dino_fake_1880_12;Обнаружение анкилозированных плюсневых костей Цератозавра теперь сближает птиц и динозавров.;x
dino_fake_1880_title_13;Келофизис;x
dino_fake_1880_13;Профессор Коп заявляет о существовании нового вида динозавров - Келофизис.;x
dino_fake_1880_title_14;Amphicoelias fragillimus;x
dino_fake_1880_14;Профессор Коп описал новый вид динозавров, названный Amphicoelias fragillimus. Размеры его позвонков и бедренной кости настолько велики, что не представляется возможным выяснить истинный размер этого существа.;x
dino_fake_1880_title_15;Камаразавр;x
dino_fake_1880_15;Огромный ископаемый ящер;x
dino_fake_1890_title_1;Трицератопс;x
dino_fake_1890_1;О.Ч. Марш заявляет, что рогатый череп, принадлежавший, как ранее полагалось, большому и необычному млекопитающему периода Плиоцена;x
dino_fake_1890_title_2;Война Ученых;x
dino_fake_1890_2;Разгневанный попыткой правительства изъять его коллекцию костей;x
dino_fake_1890_title_3;Урезание финансирования Геологической службой США;x
dino_fake_1890_3;В свете недавних отчетов о финансовых нарушениях и фаворитизме в Геологической Службе США;x
dino_fake_1890_title_4;Торозавр;x
dino_fake_1890_4;Этот рогатый динозавр обладал самой крупной головой из всех известных нам животных. Оборки этих особей были невероятно удлиненными.;x
dino_fake_1900_title_1;Череп Копа;x
dino_fake_1900_1;Сообщается, что Коп завещал свой череп науке после собственной смерти.;x
dino_fake_1900_title_2;Череп Марша;x
dino_fake_1900_2;Марш отклонил последний вызов Копа, отказавшись пожертвовать череп, сурово отомстив своему противнику, этим он обрек его череп на вечное хранение в ящике Пенсильванского Университета.;x
dino_fake_1920_title_1;Велоцираптор;x
dino_fake_1920_1;Полагается, что новый вид, обнаруженный Питером Кайзеном в Монголии, был достаточно разумным стадным охотником. Утверждалось, что сам исследователь называл обнаруженный образец «умной девочкой».;x
dino_fake_1930_title_1;Малавизавр;x
dino_fake_1930_1;Окаменелости Малавизавра, обнаруженные Френсисим Рексом Паррингтоном неподалеку от озера Малави в Южной Танзании, остаются в большей своей части неполными.;x
KEYNAME;ТЕКСТ;x
